Dia;Cuenta;Red Social;Tipo de publicacion;Enlace;Comentario;Tema principal;Mes
20-ago;abogadodeextranjeria;Instagram;Reel;https://www.instagram.com/abogadodeextranjeria/reel/DcRfiX2R2UA/;Muchas gracias Pau porque para mi y creo que para muchas tus vídeos donde explicas todo lo de extranjeria ha sido de gran ayuda. Yo en mi caso solo veo la información que tú nos brinda, gracias mil gracias. Dios te bendiga enormemente, eres único 🙏;;Agosto
20-ago;abogadodeextranjeria;Instagram;Reel;https://www.instagram.com/abogadodeextranjeria/reel/DcRfiX2R2UA/;Excelente reflexión ..es como lo dice ,pero no desalentar a las personas ❤️;;Agosto
20-ago;abogadodeextranjeria;Instagram;Reel;https://www.instagram.com/abogadodeextranjeria/reel/DcRfiX2R2UA/;Yo no sé qué se dice, pero aún espero pacientemente respuesta a mi regularización, aunque ya me ustedes me notificaron la administración a trámite, sin embargo mi tarjeta roja se vence😢 imagino que debo renovarla, esto no lo tengo claro;;Agosto
20-ago;abogadodeextranjeria;Instagram;Reel;https://www.instagram.com/abogadodeextranjeria/reel/DcRfiX2R2UA/;@abogadodeextranjeria a mí se me vence el 24 de agosto y escribi a policía de extranjería y me dicen que no la renuevan por qué ya tengo el trámite de la regularización en curso ... Solo tengo la admisión a trámite;;Agosto
20-ago;abogadodeextranjeria;Instagram;Reel;https://www.instagram.com/abogadodeextranjeria/reel/DcRfiX2R2UA/;No hay necesidad de llamar a preguntar, Yo fuí directamente a Renovarla, Si Tu tarjeta Roja se vence, Necesitas Renovarla sin más, Solo debes ir y decir que vienes a Renovar tu Tarjeta Roja y Listo, Ten en cuenta que ese es el Único Documento Legal que tienes, hasta que tengas tu Resolución Aprobada de La Regularizacón Masiva y tengas tu TIE, Por lo tanto debes tenerla Vigente.;;Agosto
20-ago;abogadodeextranjeria;Instagram;Reel;https://www.instagram.com/abogadodeextranjeria/reel/DcRfiX2R2UA/;Me preocupa porque sigo intensamente buscando trabajo y como no tengo NIE aún no quieren contratarme y si no tengo los meses necesarios para renovar😮;;Agosto
20-ago;abogadodeextranjeria;Instagram;Reel;https://www.instagram.com/abogadodeextranjeria/reel/DcRfiX2R2UA/;Graciaas!! Justo ayer vi el video de la otra abogada y me generó mucha incertidumbre... Pero como siempre no queda más que informarse y hacerlo con responsabilidad.;;Agosto
20-ago;abogadodeextranjeria;Instagram;Reel;https://www.instagram.com/abogadodeextranjeria/reel/DcRfiX2R2UA/;Pau, cuando pides la vida laboral y trabajaste media jornada ahí no te cuenta por día trabajado. Ppr dónde se valida el total de días cómo lo explicas. Gracias.;;Agosto
20-ago;abogadodeextranjeria;Instagram;Reel;https://www.instagram.com/abogadodeextranjeria/reel/DcRfiX2R2UA/;😂😂😂😂 pero bueno los abogados han hecho su agosto con la regularización!! Mientras ninguno ha podido trabajar pero si pagar 300 y hasta 400 euros y aún algunos permanecen en negro, otros sin trabajar y algunos con suerte y ayuda de Dios trabajando! Pero cómo buenos inmigrantes y guerreros quedamos parao en la raya y esperando a ver qué pasa con todo esto! Ojalá y el gobierno se organice pronto y de una salida a todo este lío!😢;;Agosto
20-ago;abogadodeextranjeria;Instagram;Reel;https://www.instagram.com/abogadodeextranjeria/reel/DcRfiX2R2UA/;Pau. Si una familia está ya en aceptación a trámites por la regulación y nace una bebé que cambia para ellos ahora la obtención de residencia y que trámites y como continuar ahora que hacer ? Gracias. Ellos son clientes suyos;;Agosto
20-ago;abogadodeextranjeria;Instagram;Reel;https://www.instagram.com/abogadodeextranjeria/reel/DcRfiX2R2UA/;Muy buena explicación y reflexión sobre el obsesionarse con el trabajo que uno hace, lo aplaudo fuertemente, ojalá muchos fuesemos asi, habría mas profesionales y menos charlatanes. Una consulta con la admisión a trámite y NIE asignado se puede tramitar canje de licencia?. Saludos;;Agosto
20-ago;abogadodeextranjeria;Instagram;Reel;https://www.instagram.com/abogadodeextranjeria/reel/DcRfiX2R2UA/;gracias Pau por tus consejos profesionales mas decir las cosas como son porque hay gente que no saben del tema y lo peor es que se lo atribuyen...;;Agosto
20-ago;abogadodeextranjeria;Instagram;Reel;https://www.instagram.com/abogadodeextranjeria/reel/DcRfiX2R2UA/;En junio eché la regularizaón por circunstancias excepciones por razón de arraigo como solicitante de asilo...sigo en trámite y aún no tengo ni siquiera la admisión a trámite.;;Agosto
20-ago;abogadodeextranjeria;Instagram;Reel;https://www.instagram.com/abogadodeextranjeria/reel/DcRfiX2R2UA/;Buen día, mire cómo va la solicitud y me sale en trámite y veo que aparece un número de NIE asignado?;;Agosto
20-ago;abogadodeextranjeria;Instagram;Reel;https://www.instagram.com/abogadodeextranjeria/reel/DcRfiX2R2UA/;Pague tasa, y dice en trámite, luego que hago;;Agosto
20-ago;abogadodeextranjeria;Instagram;Reel;https://www.instagram.com/abogadodeextranjeria/reel/DcRfiX2R2UA/;Buenas, si el tra.ite de regularizacion aparece en tramite y se asignado un nie que significa?;;Agosto
20-ago;abogadodeextranjeria;Instagram;Reel;https://www.instagram.com/abogadodeextranjeria/reel/DcRfiX2R2UA/;Lo felicito por que eres un gran profesional. Gracias por dar esa información y aclarar ciertas cosas que nos tenían con la cabeza grande y no sabíamos qué hacer. Dios te bendiga @abogadodeextranjeria;;Agosto
20-ago;abogadodeextranjeria;Instagram;Reel;https://www.instagram.com/abogadodeextranjeria/reel/DcRfiX2R2UA/;Excelente como todo! Todavía no puedo iniciar ni un papel pero espero que pronto;;Agosto
20-ago;abogadodeextranjeria;Instagram;Reel;https://www.instagram.com/abogadodeextranjeria/reel/DcRfiX2R2UA/;Hola abogado Pau sabes a mí me llegó un cuestionarios que debí llenar y enviar .es es parte de la regularización???;;Agosto
20-ago;abogadodeextranjeria;Instagram;Reel;https://www.instagram.com/abogadodeextranjeria/reel/DcRfiX2R2UA/;Buenas noches. Como obtener asesoría para viajar a España desde Venezuela.;;Agosto
20-ago;abogadodeextranjeria;Instagram;Reel;https://www.instagram.com/abogadodeextranjeria/reel/DcRfiX2R2UA/;Hola buenos días a alguien le han renovado con la TIE vigente ??? es que mi tie se vence en el 2027 y ya me salió el “FAVORABLE” de mi modificación de residencia por 4 años e iré a la toma de huellas!! O tiene que estar la tie vencida? Por fi ayuda;;Agosto
20-ago;abogadodeextranjeria;Instagram;Reel;https://www.instagram.com/abogadodeextranjeria/reel/DcRfiX2R2UA/;Dr yo sólo he cotizado dos meses este año recién ahora tengo 3 años en España soy s Venezuela meri modificacion me perjudica esto ❓🤔;;Agosto
20-ago;abogadodeextranjeria;Instagram;Reel;https://www.instagram.com/abogadodeextranjeria/reel/DcRfiX2R2UA/;Si llevo dado de alta en seguridad social desde el 11 de agosto al 23 de agosto con el permiso provisional cuenta como 1 mes o no!;;Agosto
20-ago;abogadodeextranjeria;Instagram;Reel;https://www.instagram.com/abogadodeextranjeria/reel/DcRfiX2R2UA/;No hay jurisprudencia en extranjeria entonces?;;Agosto
20-ago;abogadodeextranjeria;Instagram;Reel;https://www.instagram.com/abogadodeextranjeria/reel/DcRfiX2R2UA/;Quien es la abogada q anda diciendo eso??;;Agosto
20-ago;abogadodeextranjeria;Instagram;Reel;https://www.instagram.com/abogadodeextranjeria/reel/DcRfiX2R2UA/;Como mantengo mi residencia con , 64;;Agosto
20-ago;abogadodeextranjeria;Instagram;Reel;https://www.instagram.com/abogadodeextranjeria/reel/DcQ5gRciq42/;Y los hermanos?;;Agosto
20-ago;abogadodeextranjeria;Instagram;Reel;https://www.instagram.com/abogadodeextranjeria/reel/DcQ5gRciq42/;@abogadodeextranjeria y entre hermanos, abogado? Por favor esperamos respuesta a este interrogante;;Agosto
20-ago;abogadodeextranjeria;Instagram;Reel;https://www.instagram.com/abogadodeextranjeria/reel/DcQ5gRciq42/;A donde me comunico porfavor gracias;;Agosto
20-ago;abogadodeextranjeria;Instagram;Reel;https://www.instagram.com/abogadodeextranjeria/reel/DcQ5gRciq42/;Tengo a mi hija casada con un ciudadano español y de ese matrimonio nacieron 3 niños que son mis nietos nacidos aquí en España menores de edad, y yo tengo más de dos años aquí y me ti la regularización ya tengo opción a trámite que puedo hacer;;Agosto
20-ago;abogadodeextranjeria;Instagram;Reel;https://www.instagram.com/abogadodeextranjeria/reel/DcQ5gRciq42/;Pau mi hijo es Español de orígen y yo soy colombiana, me encuentro en mi país y quiero solicitar mi residencia para viajar ya con esa documentación, lo puedo tramitar?;;Agosto
20-ago;abogadodeextranjeria;Instagram;Reel;https://www.instagram.com/abogadodeextranjeria/reel/DcQ5gRciq42/;Hola, yo pagué la cita con ustedes, pero nunca usé el servicio, se devuelve el dinero de la cita? Es que nunca recibí la llamada y solucione por otro lado;;Agosto
20-ago;abogadodeextranjeria;Instagram;Reel;https://www.instagram.com/abogadodeextranjeria/reel/DcQ5gRciq42/;Tengo un hermano español eso me ayuda?;;Agosto
20-ago;abogadodeextranjeria;Instagram;Reel;https://www.instagram.com/abogadodeextranjeria/reel/DcQ5gRciq42/;Buenas tardes sr : Pau siempre escribo Pero nadie me contesta cuando podré sacar una cita con usted .;;Agosto
20-ago;abogadodeextranjeria;Instagram;Reel;https://www.instagram.com/abogadodeextranjeria/reel/DcQ5gRciq42/;Hola Pau, te doy sincera cuando te escucho cada reel que haces me das mucha ilusión y está cae cuando tengo la cita con alguien de tu despacho, ya hice 2 citas y ninguno ahonda como vos el tema, ni me 8ndafa al máximo las posibilidades existentes que pueda tener en mi caso. Siempre trate de ir por quienes saben y por ello te sigo, ahora tras este reel nuevamente ilusionada, aunq en la ambivalencia de pensar en hacer otro gasto en una cita para que vuelque en una desilusión nuevamente;;Agosto
20-ago;abogadodeextranjeria;Instagram;Reel;https://www.instagram.com/abogadodeextranjeria/reel/DcQ5gRciq42/;Pau, El bisabuelo, de mis hijos es de España. El abuelo nacido fuera de España Venezuela nunca tramitó documentación espanola. Podrian mis hijos optar al trámite para obtener documentación española.? Gracias;;Agosto
20-ago;abogadodeextranjeria;Instagram;Reel;https://www.instagram.com/abogadodeextranjeria/reel/DcQ5gRciq42/;Hermanos no es sanguíneos ? Que más que un hermano o acaso es más que un suegro ? 😢;;Agosto
20-ago;abogadodeextranjeria;Instagram;Reel;https://www.instagram.com/abogadodeextranjeria/reel/DcQ5gRciq42/;Con los hermanos???;;Agosto
20-ago;abogadodeextranjeria;Instagram;Reel;https://www.instagram.com/abogadodeextranjeria/reel/DcQ5gRciq42/;Abogado como puedo contarte con tigo;;Agosto
20-ago;abogadodeextranjeria;Instagram;Reel;https://www.instagram.com/abogadodeextranjeria/reel/DcQ5gRciq42/;Hola pau tengo mi nacionalidad por mi madre y abuelo quiero darselas a mis hijos por cual anexo entran ellos .;;Agosto
20-ago;abogadodeextranjeria;Instagram;Reel;https://www.instagram.com/abogadodeextranjeria/reel/DcQ5gRciq42/;Si la nacionalidad es adquirida por residencia de 2 años se puede dar esa nacionalidad a la madre?;;Agosto
20-ago;abogadodeextranjeria;Instagram;Reel;https://www.instagram.com/abogadodeextranjeria/reel/DcQ5gRciq42/;Y para los hermanos ??? Son familiares también;;Agosto
20-ago;abogadodeextranjeria;Instagram;Reel;https://www.instagram.com/abogadodeextranjeria/reel/DcQ5gRciq42/;Y los hermanos en que grado quedarían ?;;Agosto
20-ago;abogadodeextranjeria;Instagram;Reel;https://www.instagram.com/abogadodeextranjeria/reel/DcQ5gRciq42/;Y los padrastros y madrastra!?;;Agosto
20-ago;abogadodeextranjeria;Instagram;Reel;https://www.instagram.com/abogadodeextranjeria/reel/DcQ5gRciq42/;Un hermano?;;Agosto
20-ago;abogadodeextranjeria;Instagram;Reel;https://www.instagram.com/abogadodeextranjeria/reel/DcQ5gRciq42/;Y hermano ya nacionalizado?;;Agosto
20-ago;abogadodeextranjeria;Instagram;Reel;https://www.instagram.com/abogadodeextranjeria/reel/DcQ5gRciq42/;Hay un límite de edad para agrupar a los padres?;;Agosto
20-ago;abogadodeextranjeria;Instagram;Reel;https://www.instagram.com/abogadodeextranjeria/reel/DcQ5gRciq42/;Hola buenos días.! Donde puedo tener una entrevista en Barcelona con ustedes.;;Agosto
20-ago;abogadodeextranjeria;Instagram;Reel;https://www.instagram.com/abogadodeextranjeria/reel/DcQ5gRciq42/;Y los hermanos ?;;Agosto
20-ago;abogadodeextranjeria;Instagram;Reel;https://www.instagram.com/abogadodeextranjeria/reel/DcQ5gRciq42/;Hola si soy ciudadana española, como puedo conseguir traer de cuba a mi hijo mayor de edad con su hija menor a su cargo .;;Agosto
20-ago;abogadodeextranjeria;Instagram;Reel;https://www.instagram.com/abogadodeextranjeria/reel/DcQ5gRciq42/;@abogadodeextranjeria Se puede tramitar arraigo Abuelo-Nieto??;;Agosto
20-ago;abogadodeextranjeria;Instagram;Reel;https://www.instagram.com/abogadodeextranjeria/reel/DcQ5gRciq42/;Exige un tiempo en España?;;Agosto
20-ago;abogadodeextranjeria;Instagram;Reel;https://www.instagram.com/abogadodeextranjeria/reel/DcQ5gRciq42/;Por favor quiero tener una cita pero con vos directamente, si es que puede ser posible;;Agosto
20-ago;abogadodeextranjeria;Instagram;Reel;https://www.instagram.com/abogadodeextranjeria/reel/DcQ5gRciq42/;@abogadodeextranjeria es posible si mi hermana está en España y ya tiene nacionalidad?;;Agosto
20-ago;abogadodeextranjeria;Instagram;Reel;https://www.instagram.com/abogadodeextranjeria/reel/DcQ5gRciq42/;Cómo traer a mi madre de Colombia si tengo nacionalidad española? Tiene 50 años y no trabaja;;Agosto
20-ago;abogadodeextranjeria;Instagram;Reel;https://www.instagram.com/abogadodeextranjeria/reel/DcQ5gRciq42/;Mi hija es ciudadana española, Como puede reclamarme ?aclaro no tengo 85 años.,Como exige la nueva ley;;Agosto
20-ago;abogadodeextranjeria;Instagram;Reel;https://www.instagram.com/abogadodeextranjeria/reel/DcQ5gRciq42/;Los hermanos?;;Agosto
20-ago;abogadodeextranjeria;Instagram;Reel;https://www.instagram.com/abogadodeextranjeria/reel/DcQ5gRciq42/;Entiendo yo que el tema de extranjería se trata de interpretar para que los extranjeros puedan tramitar algo con un familiar imprimir Grado, pero no existe hasta ahora ninguna resolución donde podamos decir que sea resuelto por afinidad, entiendo yo que si se niega esto se tendrá que recurrir ante los tribunales para ver si a través de los tribunales se tiene este tipo de autorización y así podría cambiar la norma, pero de momento de las investigaciones que hemos hecho no hemos encontrado ninguna resolución de que se haya sido favorable por afinidad, que también es una relación en primer grado pero pero no no existe eso por lo tanto sería bastante no seguro y discutible el presentar con el suegro con el yerno no era o hijastro porque no tenemos eso por lo tanto el artículo 127. El reglamento que habla sobre la radio social, determina claramente familiares de imprime Grado y de momento extranjería ha respondido que los familiares de primer grado del padre, la madre, el hijo, el cónyuge y la pareja de hecho registrada no encontramos una aclaración sobre suegros yernos, nueras, hijastros y mucho más sobre hermanos abuelos nietos o cuñados vale;;Agosto
20-ago;abogadodeextranjeria;Instagram;Reel;https://www.instagram.com/abogadodeextranjeria/reel/DcQ5gRciq42/;Pero no dice nada de hermanos ?? Se podría???;;Agosto
20-ago;abogadodeextranjeria;Instagram;Reel;https://www.instagram.com/abogadodeextranjeria/reel/DcQ5gRciq42/;Y si llevo 2 años en España y mis dos hijos mayores ciudadanos españoles pueden?;;Agosto
20-ago;abogadodeextranjeria;Instagram;Reel;https://www.instagram.com/abogadodeextranjeria/reel/DcQ5gRciq42/;A mi me faltaba 3 meses para cumplir los 2 años en españa cuando empezó la regularización masiva. Ahora no sé si hice bien en irme por la regularización masiva o era mejor haber esperado los 2 años;;Agosto
20-ago;abogadodeextranjeria;Instagram;Reel;https://www.instagram.com/abogadodeextranjeria/reel/DcQ5gRciq42/;Hola, si tiene nacionalidad Española recien aprobada , puede pedir a su hermana Venezolana?;;Agosto
20-ago;abogadodeextranjeria;Instagram;Reel;https://www.instagram.com/abogadodeextranjeria/reel/DcQ5gRciq42/;Hola, podría vincular a mi pareja a este arraigo? Y cuánto tiempo que tener de a ver llegado a España?;;Agosto
20-ago;abogadodeextranjeria;Instagram;Reel;https://www.instagram.com/abogadodeextranjeria/reel/DcQ5gRciq42/;Estos arraigos se pueden aplicar si vienes de una regularización extraordinaria, cuando sea la@modificación?;;Agosto
20-ago;abogadodeextranjeria;Instagram;Reel;https://www.instagram.com/abogadodeextranjeria/reel/DcQ5gRciq42/;Si la nieta es española puede darle ala abuela documentación!?;;Agosto
20-ago;abogadodeextranjeria;Instagram;Reel;https://www.instagram.com/abogadodeextranjeria/reel/DcQ5gRciq42/;Entre hermano aplica ?;;Agosto
20-ago;abogadodeextranjeria;Instagram;Reel;https://www.instagram.com/abogadodeextranjeria/reel/DcQ5gRciq42/;Y hermanos no? Porque con mis suegros no nos une la sangre pero conmigo hermano si;;Agosto
20-ago;abogadodeextranjeria;Instagram;Reel;https://www.instagram.com/abogadodeextranjeria/reel/DcQ5gRciq42/;Hermano o sobrino?;;Agosto
20-ago;abogadodeextranjeria;Instagram;Reel;https://www.instagram.com/abogadodeextranjeria/reel/DcQ5gRciq42/;Buenas tarde. Tengo la nacionalidad. Me la tramito usted mismo. Y quiero traer a mi hijo de 29 años. A vivir a España. Se puede? Cómo o qué debo hacer para traerlo?;;Agosto
20-ago;abogadodeextranjeria;Instagram;Reel;https://www.instagram.com/abogadodeextranjeria/reel/DcQ5gRciq42/;Mis hijos son mayores y me los quiero traer como debo hacer;;Agosto
20-ago;abogadodeextranjeria;Instagram;Reel;https://www.instagram.com/abogadodeextranjeria/reel/DcQ5gRciq42/;Que pasa con los hermanos? No son familia?;;Agosto
20-ago;abogadodeextranjeria;Instagram;Reel;https://www.instagram.com/abogadodeextranjeria/reel/DcQ5gRciq42/;También lleváis casos a la inversa? Española que marcha a Colombia con su pareja de hecho? Buen día!;;Agosto
20-ago;abogadodeextranjeria;Instagram;Reel;https://www.instagram.com/abogadodeextranjeria/reel/DcQ5gRciq42/;Pau.. una pregunta si se requiere presentar sin la otra persona llevar menos de dos años y haber hecho pareja de hecho ??? Los hermanos se podría;;Agosto
20-ago;abogadodeextranjeria;Instagram;Reel;https://www.instagram.com/abogadodeextranjeria/reel/DcQ5gRciq42/;Guaooo 😮 no lo sabía y yo aplico para afinidad … Una pregunta en cuánto tiempo te darían la resolución ?;;Agosto
20-ago;abogadodeextranjeria;Instagram;Reel;https://www.instagram.com/abogadodeextranjeria/reel/DcQ5gRciq42/;¡Buenos días! Tengo un hijo que nació en España, ¿qué puedo hacer?;;Agosto
20-ago;abogadodeextranjeria;Instagram;Reel;https://www.instagram.com/abogadodeextranjeria/reel/DcQ5gRciq42/;Los hermanos ?;;Agosto
20-ago;abogadodeextranjeria;Instagram;Reel;https://www.instagram.com/abogadodeextranjeria/reel/DcQ5gRciq42/;Y los hermanos?;;Agosto
20-ago;abogadodeextranjeria;Instagram;Reel;https://www.instagram.com/abogadodeextranjeria/reel/DcQ5gRciq42/;Hermanos ?;;Agosto
20-ago;abogadodeextranjeria;Instagram;Reel;https://www.instagram.com/abogadodeextranjeria/reel/DcQ5gRciq42/;Que es el.iprem?;;Agosto
20-ago;abogadodeextranjeria;Instagram;Reel;https://www.instagram.com/abogadodeextranjeria/reel/DcQ5gRciq42/;Soy española de nacimiento, puedo traer a mi hijastro?;;Agosto
20-ago;abogadodeextranjeria;Instagram;Reel;https://www.instagram.com/abogadodeextranjeria/reel/DcQ5gRciq42/;Si soy española puedo pedir a mi sobrina?;;Agosto
19-ago;abogadodeextranjeria;Instagram;Reel;https://www.instagram.com/abogadodeextranjeria/reel/DcOuODVuqwl/;Gracias 🫂 Pau ciempre que quiero información busco tus vídeos no te imaginas la trankilidad que generas 🙌❤️;;Agosto
19-ago;abogadodeextranjeria;Instagram;Reel;https://www.instagram.com/abogadodeextranjeria/reel/DcOuODVuqwl/;Tengo 65 años estoy con admisión a trámite,, tengo que renovar la residencia cuando salga al año a mi favor?;;Agosto
19-ago;abogadodeextranjeria;Instagram;Reel;https://www.instagram.com/abogadodeextranjeria/reel/DcOuODVuqwl/;@sorgalimgutierrezleon Hola, el tiempo empieza a contarse desde el día en que introdujiste la solicitud, por ejemplo, si realizaste tu solicitud el 25 de mayo 26 entonces tu autorización será hasta 24 de mayo 27 no importa la fecha de cuando te den la resolución favorable, la fecha que te tiene que importar es la del inicio, desde allí empieza a contar el año, dos meses antes del 24 de mayo 27 es decir en marzo ya deberías renovar. Todo esto si la resolución es favorable;;Agosto
19-ago;abogadodeextranjeria;Instagram;Reel;https://www.instagram.com/abogadodeextranjeria/reel/DcOuODVuqwl/;Muchas gracias 🙌 estaba con nervios por qué me habían dicho otra cosa 😢 ahora quedé muy tranquila 👏👏;;Agosto
19-ago;abogadodeextranjeria;Instagram;Reel;https://www.instagram.com/abogadodeextranjeria/reel/DcOuODVuqwl/;O sea que no hay un mínimo de haber trabajado para renovar, así sea que lleves apenas 15 días trabajados, igual lo puedes hacer, como si llevas 1 día o 30 días ?;;Agosto
19-ago;abogadodeextranjeria;Instagram;Reel;https://www.instagram.com/abogadodeextranjeria/reel/DcOuODVuqwl/;@valennntg preciosa, 90 días trabajados, ya sea medio turno, turno completo o 4 o 6 o las 8 horas, el día que trabajes estando de alta en la seguridad social cuenta como día completo , no por horas, en resumidas cuentas estar de alta cotizando 90 días no importa cuántas horas al día , pero si 90 días para renovar, de no ser así, se solicita prórroga por no tener los 3 meses cotizados .;;Agosto
19-ago;abogadodeextranjeria;Instagram;Reel;https://www.instagram.com/abogadodeextranjeria/reel/DcOuODVuqwl/;@jhosepperez___ discúlpa, renovar que? No entiendo, después de los 90 dias que hay que modificar;;Agosto
19-ago;abogadodeextranjeria;Instagram;Reel;https://www.instagram.com/abogadodeextranjeria/reel/DcOuODVuqwl/;@andres.rendon.7 Perrito, cuando salga el favorable, es un año de permiso, pero cuenta desde el día que metió los papeles a correos o si el abogado los subió, más no cuando llegue el favorable, en mi caso, los meti hace casi 5 meses, no ha llegado el favorable, si me llega en un mes, quiere decir que ya solo me quedan 6 meses de permiso, cuando se acabe ese tiempo hay que renovar permiso de residencia y para eso debemos demostrar que cotizamos mínimo 3 meses, por eso desde ya debemos cotizar así no tengamos el favorable, para que no nos coja la tarde ya que se hace la renovación de la residencia 2 meses antes que se cumpla la fecha, o sea en mi caso ya de el año de permiso no me quedarían si no 4 meses para cotizar 3 y pasar la solicitud de renovación así no me halla llegado aun el favorable, si me entiende?;;Agosto
19-ago;abogadodeextranjeria;Instagram;Reel;https://www.instagram.com/abogadodeextranjeria/reel/DcOuODVuqwl/;@cindycampuzano96 que no se habla de horas por amor a Dios el requisito son 90 días y ya si cotiza una hora dos tres o las que sea cuentan como un día cotizado es decir si te dan un empleo con una hora diaria de alta en la seguridad durante 90 días pues eso quiere decir que ya cumpliste el requisito de estar dado de alta 90 días;;Agosto
19-ago;abogadodeextranjeria;Instagram;Reel;https://www.instagram.com/abogadodeextranjeria/reel/DcOuODVuqwl/;Cuando se tenga la tie con lo de la regularización, se puede salir del país y luego volver normal?;;Agosto
19-ago;abogadodeextranjeria;Instagram;Reel;https://www.instagram.com/abogadodeextranjeria/reel/DcOuODVuqwl/;CHAMO POR QUE LA GENTE DA MALA INFORMACIÓN ' LE JODEN LA VIDA AL EXTRANJERO 😢;;Agosto
19-ago;abogadodeextranjeria;Instagram;Reel;https://www.instagram.com/abogadodeextranjeria/reel/DcOuODVuqwl/;@abogadodeextranjeria es lo más lamentable. Gracias a Dios por tus vídeos dónde das luz e información correcta sobre todo lo referente a estos procesos migratorios. 👏👏👏👏👏;;Agosto
19-ago;abogadodeextranjeria;Instagram;Reel;https://www.instagram.com/abogadodeextranjeria/reel/DcOuODVuqwl/;@abogadodeextranjeria chamo quiero hablar con ustedes pero no entiendo tengo que pagar por una consulta?;;Agosto
19-ago;abogadodeextranjeria;Instagram;Reel;https://www.instagram.com/abogadodeextranjeria/reel/DcOuODVuqwl/;Cuánto costará el trámite para renovar o modificar la residencia por regulación?;;Agosto
19-ago;abogadodeextranjeria;Instagram;Reel;https://www.instagram.com/abogadodeextranjeria/reel/DcOuODVuqwl/;Cuando me devolverán el dinero de un trámite que nunca se realizó fui correcta con Uds al realizar los pagos creo lo más correcto y ético d e parte de Uds es que me hagan el reembolso como me lo dijeron en los correos que me environ y en el chat de este mismo perfil;;Agosto
19-ago;abogadodeextranjeria;Instagram;Reel;https://www.instagram.com/abogadodeextranjeria/reel/DcOuODVuqwl/;@marcevacevedo me esta pasando igual dijeron que después de la regularización solucionaban y aquí estoy esperando la devolución de unos pagos que me toco hacer de más por problemas de la plataforma de ellos y yo por hacer el proceso pague lo que ya había pagado por que la página fallaba y efectivamente me dijeron que devolverían, pero no volvieron a contestar ni nada y he llamado y enviado correos y nada;;Agosto
19-ago;abogadodeextranjeria;Instagram;Reel;https://www.instagram.com/abogadodeextranjeria/reel/DcOuODVuqwl/;Es riesgoso cotizar solo tres meses, y después que? Pienso que mientras más mese cotizando, es mejor;;Agosto
19-ago;abogadodeextranjeria;Instagram;Reel;https://www.instagram.com/abogadodeextranjeria/reel/DcOuODVuqwl/;@daniel50001 que abogada? La 💁🏻‍♀️🇪🇸 de labios sensuales, la 💁🏻‍♀️🇨🇺 tatoo o 💁🏻‍♀️🇨🇴seria ?;;Agosto
19-ago;abogadodeextranjeria;Instagram;Reel;https://www.instagram.com/abogadodeextranjeria/reel/DcOuODVuqwl/;@daniel50001 quién es la abogada?;;Agosto
19-ago;abogadodeextranjeria;Instagram;Reel;https://www.instagram.com/abogadodeextranjeria/reel/DcOuODVuqwl/;Buenos Días .abogado .cual es el paso a seguir después que nos cae la hoja de resolución de seguridad social ..paso a seguir .perdona;;Agosto
19-ago;abogadodeextranjeria;Instagram;Reel;https://www.instagram.com/abogadodeextranjeria/reel/DcOuODVuqwl/;pau cuando te enojas sos un fenómeno 😂;;Agosto
19-ago;abogadodeextranjeria;Instagram;Reel;https://www.instagram.com/abogadodeextranjeria/reel/DcOuODVuqwl/;Cuando me devolveran MÍ DINERO . Poco etico y professional de parte de ustedes @abogadodeextranjeria le piden pruebas à uno pero les cuesta devolver y caminas salud ando con sombrero ajeno .. tengan formalidad y sean legales qué según tu Pau eso haces y hablas mal de otros abogados pero al final té cuesta devolver lo qué no es tuyo @abogadodeextranjeria;;Agosto
19-ago;abogadodeextranjeria;Instagram;Reel;https://www.instagram.com/abogadodeextranjeria/reel/DcOuODVuqwl/;@williamcontrerash eso ya no es así... Salió una instrucción donde lo de trabajar ya no lo exigen, veo mucha gente que no sabe esto y me preocupa...;;Agosto
19-ago;abogadodeextranjeria;Instagram;Reel;https://www.instagram.com/abogadodeextranjeria/reel/DcOuODVuqwl/;PAU cuánto cobras por la renovación y la nacionalidad gracias 🫂🙏;;Agosto
19-ago;abogadodeextranjeria;Instagram;Reel;https://www.instagram.com/abogadodeextranjeria/reel/DcOuODVuqwl/;Me gustaría tener una consulta contigo , como hacer;;Agosto
19-ago;abogadodeextranjeria;Instagram;Reel;https://www.instagram.com/abogadodeextranjeria/reel/DcOuODVuqwl/;Totalmente justificada tu indignación. La gente inescrupulosa da mala información por ignorancia y rayan la maldad contra los que si saben como tu y los que dependen de ellos para estar legales en España..Gracias por la aclaración.;;Agosto
19-ago;abogadodeextranjeria;Instagram;Reel;https://www.instagram.com/abogadodeextranjeria/reel/DcOuODVuqwl/;Eres lo que eres gracias asus nobles prácticas su dedicación asu compromiso .porque hay gente que no tiene ni puta idea de donde estan parados solo saben cobrar mas nada .gracias por los datasos y siempre por ayudarnos .❤️❤️❤️;;Agosto
19-ago;abogadodeextranjeria;Instagram;Reel;https://www.instagram.com/abogadodeextranjeria/reel/DcOuODVuqwl/;Hola, como podemos contactarte?;;Agosto
19-ago;abogadodeextranjeria;Instagram;Reel;https://www.instagram.com/abogadodeextranjeria/reel/DcOuODVuqwl/;Consulta PAU: mi hija ya es mayor y está a cargo nuestro porque vive con nosotros y ya entro en trámite su expediente ante la regularización masiva. La consulta es si ella sigue estudiando y sigue a nuestro cargo puede renovar igual o necesita trabajar al menos 3 meses? Gracias.;;Agosto
19-ago;abogadodeextranjeria;Instagram;Reel;https://www.instagram.com/abogadodeextranjeria/reel/DcOuODVuqwl/;CUANDO TE ENFADAS . LAS CANTAS SIN FILTRO , ME FACINA ❤️🔥🔥🔥🔥🔥🔥❤️❤️❤️❤️❤️❤️❤️❤️;;Agosto
19-ago;abogadodeextranjeria;Instagram;Reel;https://www.instagram.com/abogadodeextranjeria/reel/DcOuODVuqwl/;Por qué les pido el precio del trámite de cambio de razones humanitarias a residencia de 4 años y me mandan un enlace a pagar sus asesorías cuando solo lo que quiero saber cuánto cobran por el trámite a ver si los hago con ustedes o no? Solo quiero saber el precio no tengo q pagar asesoría obligatoriamente;;Agosto
19-ago;abogadodeextranjeria;Instagram;Reel;https://www.instagram.com/abogadodeextranjeria/reel/DcOuODVuqwl/;Hola Pau, para la renovación como es el tramite;;Agosto
19-ago;abogadodeextranjeria;Instagram;Reel;https://www.instagram.com/abogadodeextranjeria/reel/DcOuODVuqwl/;Cuánto cobras la modificación?;;Agosto
19-ago;abogadodeextranjeria;Instagram;Reel;https://www.instagram.com/abogadodeextranjeria/reel/DcOuODVuqwl/;@nico_roblesynth debes cotizar si o si 90 días no importan las horas por día. Pero debes estar cotizando como mínimo 90 días.;;Agosto
19-ago;abogadodeextranjeria;Instagram;Reel;https://www.instagram.com/abogadodeextranjeria/reel/DcOuODVuqwl/;O sea puedo tener un contrato de un día a la semana por 3 hs? O dos uno por dos días dos horas y otro por un día a tres horas? Serían 5hs a la semana;;Agosto
19-ago;abogadodeextranjeria;Instagram;Reel;https://www.instagram.com/abogadodeextranjeria/reel/DcOuODVuqwl/;Hola y ustedes cuanto cobran por renovar la tarjeta, gracias;;Agosto
19-ago;abogadodeextranjeria;Instagram;Reel;https://www.instagram.com/abogadodeextranjeria/reel/DcOuODVuqwl/;Hola quisiera saber que pasa con los venezolanos que estamos en España con tarjeta roja y entregamos carpeta de regularización y nos llegó el correo de extranjería que ya nos habían adminido a trámite ? Tengo entendido que luego de tres meses comienzan a dar respuesta a través de resoluciones ? Por favor gracias;;Agosto
19-ago;abogadodeextranjeria;Instagram;Reel;https://www.instagram.com/abogadodeextranjeria/reel/DcOuODVuqwl/;Si presente los papeles el 13 de mayo, ya me dieron número de NIE, cuando se calcula que me den la resolución?;;Agosto
19-ago;abogadodeextranjeria;Instagram;Reel;https://www.instagram.com/abogadodeextranjeria/reel/DcOuODVuqwl/;Si ya no estoy trabajando con el autónomo que me dió el precontrato, puedo cuando me den la admisión a trámite buscar otro empleo con un contrato en otro lugar que no es quien me dió el precontrato;;Agosto
19-ago;abogadodeextranjeria;Instagram;Reel;https://www.instagram.com/abogadodeextranjeria/reel/DcOuODVuqwl/;3 meses cotizando, así tenga un contrato temporal para cubrir vacaciones ? Mi temor es llegar a los 3 meses y que aún no llegue a obtener el favorable. Se podrá seguir trabajando ??;;Agosto
19-ago;abogadodeextranjeria;Instagram;Reel;https://www.instagram.com/abogadodeextranjeria/reel/DcOuODVuqwl/;@moisesbrew90 ya voy 1 mes, qué emoción! Me faltan sólo 2 entonces. Con mi contrato temporal hay semanas que hago 40h u otras 30h;;Agosto
19-ago;abogadodeextranjeria;Instagram;Reel;https://www.instagram.com/abogadodeextranjeria/reel/DcOuODVuqwl/;Vamos a hablar en algún momento sobre las novedades del doctorado y la residencia para la investigación de la UGE o vamos a seguir con el tema regularización extraordinaria hasta el fin de los tiempos?;;Agosto
19-ago;abogadodeextranjeria;Instagram;Reel;https://www.instagram.com/abogadodeextranjeria/reel/DcOuODVuqwl/;Hola Pau mi suegra tiene 75 años y no trabaja como se haría en ese caso?;;Agosto
19-ago;abogadodeextranjeria;Instagram;Reel;https://www.instagram.com/abogadodeextranjeria/reel/DcOuODVuqwl/;Por lo que veo. Mi me va llegar la targeta cuando vaya a renovar por que hasta hora jumm;;Agosto
19-ago;abogadodeextranjeria;Instagram;Reel;https://www.instagram.com/abogadodeextranjeria/reel/DcOuODVuqwl/;Buenas noches donde está ubicada su oficina;;Agosto
19-ago;abogadodeextranjeria;Instagram;Reel;https://www.instagram.com/abogadodeextranjeria/reel/DcOuODVuqwl/;"Gracias por la Aclaración, pero NO CONTRATAN con el Permiso de la Admisión a Trámite!!!!... Les da IGUAL que uno presente tanto el Permiso como Criterio Interpretarivo, argumentan que se reservan el Proceso de selección a las personas que ""No Reúnan Los Requisitos Legales""... Es decir, ese ""Permiso"" y el ""Criterio"" no lo admiten como Argumento LEGAL para contratar ... Yo ya llevo más de 12 entrevistas en las últimas 3 semanas Y NADA !!! Inclusive, entré en una capacitación y apenas me notificaron que me iban a contratar y vieron el Permiso con El Domcumento Aclaratorio Me Dijeron Que No reciben ese NIE ni ningún otro documento que no sea un Permiso Permanente y que el que nos fue otorgado indica que ese NIE Nisiquiera tiene fecha de caducidad, por el contratista indica lo de los Benditos 3 meses y de ahí se agarran para no tomarnos en cuenta para ser contratados. 🙄🫤😡 Entonces, al paso que vamos, cuándo vamos a poder cotizar esos 3 meses (insistamente de la cantidad de horas por semana), si no nos toman en ningún trabajo en blanco???. Qué podemos hacer ?????";;Agosto
19-ago;abogadodeextranjeria;Instagram;Reel;https://www.instagram.com/abogadodeextranjeria/reel/DcOuODVuqwl/;Hola Pau, la presentación para mi regularización el 19/06/26 ya han pasado dos meses y todavía no he recibido ni correo, ni mensaje de que se admitió mi proceso que debo hacer;;Agosto
19-ago;abogadodeextranjeria;Instagram;Reel;https://www.instagram.com/abogadodeextranjeria/reel/DcOuODVuqwl/;Síii, escuché a esa abogada y como ya te había escuchado a ti antes una publicación que hiciste, no la terminé de escuchar;;Agosto
19-ago;abogadodeextranjeria;Instagram;Reel;https://www.instagram.com/abogadodeextranjeria/reel/DcOuODVuqwl/;Hola pero para renovar tienes que tener un contrato de trabajo para que te la den por 4 años o como es gracias;;Agosto
19-ago;abogadodeextranjeria;Instagram;Reel;https://www.instagram.com/abogadodeextranjeria/reel/DcOuODVuqwl/;Y si estoy trabajando ya hace año y medio sin contrato? Por no tener documentación? Pero el empleador no me da contrato incluso ya teniendo el permiso de trabajo por regularización masiva allí que procede?;;Agosto
19-ago;abogadodeextranjeria;Instagram;Reel;https://www.instagram.com/abogadodeextranjeria/reel/DcOuODVuqwl/;Y si se trabaja por cuenta propia como autónomo, como sería para la renovación??;;Agosto
19-ago;abogadodeextranjeria;Instagram;Reel;https://www.instagram.com/abogadodeextranjeria/reel/DcOuODVuqwl/;Buen día pau yo recibi mi nacionalidad tengo una hija de 25 años y un niño de 20 quiero saber como es el proceso para ellos de la recidencia.. Muchas gracias... Quedo atenta🙏🙏;;Agosto
19-ago;abogadodeextranjeria;Instagram;Reel;https://www.instagram.com/abogadodeextranjeria/reel/DcOuODVuqwl/;Buenos y bendecidos días.lo anterior significa exagerando en el tema que aunque hayamos trabajado solo un día en todo el tiempo antes de la renovación estaría bien para que se autorice la prorroga de residencia? Discúlpenme la ignorancia y reiteración en el tema pero soy muy conciente en cuando nos comunicamos el mensaje que recibimos no todos lo podemos entender de la misma manera. Gracias Se Ventura Díos lo bendiga;;Agosto
19-ago;abogadodeextranjeria;Instagram;Reel;https://www.instagram.com/abogadodeextranjeria/reel/DcOuODVuqwl/;O sea cuando nos llegue el favorable realizamos el desestimoento luego la huella esa residencia nos dirá un año para cuando nos toca ir renovar es que ven esto que explicas no?;;Agosto
19-ago;abogadodeextranjeria;Instagram;Reel;https://www.instagram.com/abogadodeextranjeria/reel/DcOuODVuqwl/;que se está haciendo en la cejas?;;Agosto
19-ago;abogadodeextranjeria;Instagram;Reel;https://www.instagram.com/abogadodeextranjeria/reel/DcOuODVuqwl/;Y como cotizamos Pau si nos niegan el trabajo por no tener la TIE fisica;;Agosto
19-ago;abogadodeextranjeria;Instagram;Reel;https://www.instagram.com/abogadodeextranjeria/reel/DcOuODVuqwl/;Tengo 2 hijos universitarios ellos tendrían que trabajar ? Si trabajamos mi esposo y yo ya tenemos tarjeta de residencia por regularización extraordinaria;;Agosto
19-ago;abogadodeextranjeria;Instagram;Reel;https://www.instagram.com/abogadodeextranjeria/reel/DcOuODVuqwl/;Hola Abogado, que este bien, de momento estoy inscrito en el SOC me han dado las recomendaciones para conseguir trabajo y aún no encuentro eso me preocupa, que me recomiendas;;Agosto
19-ago;abogadodeextranjeria;Instagram;Reel;https://www.instagram.com/abogadodeextranjeria/reel/DcOuODVuqwl/;Esos tres meses aplica también para los autónomos?;;Agosto
19-ago;abogadodeextranjeria;Instagram;Reel;https://www.instagram.com/abogadodeextranjeria/reel/DcOuODVuqwl/;Hola una duda que tengo si para el momento de la renovación que hay que hacer el cambio al arraigo no está laborando pero durante el tiempo que llevo en España he trabajado más de 90 días lo puedo hacer o cual arraigo me toca?;;Agosto
19-ago;abogadodeextranjeria;Instagram;Reel;https://www.instagram.com/abogadodeextranjeria/reel/DcOuODVuqwl/;Esa ley incluye cuando tienes el permiso provisional?;;Agosto
19-ago;abogadodeextranjeria;Instagram;Reel;https://www.instagram.com/abogadodeextranjeria/reel/DcOuODVuqwl/;Que pasa si son personas mayores que no trabajan?;;Agosto
19-ago;abogadodeextranjeria;Instagram;Reel;https://www.instagram.com/abogadodeextranjeria/reel/DcOuODVuqwl/;Los menores? Cómo es en el caso de ellos?;;Agosto
19-ago;abogadodeextranjeria;Instagram;Reel;https://www.instagram.com/abogadodeextranjeria/reel/DcOuODVuqwl/;Y que pasa si a la fecha aún no me llega Nisiquiera la notificación para pagar la taza de la regularización?;;Agosto
19-ago;abogadodeextranjeria;Instagram;Reel;https://www.instagram.com/abogadodeextranjeria/reel/DcOBvAqO4cS/;@licelys.r cuando la presentaré y cuanto se te tardó ?;;Agosto
19-ago;abogadodeextranjeria;Instagram;Reel;https://www.instagram.com/abogadodeextranjeria/reel/DcOBvAqO4cS/;@angeleslm24 cuando se te demoró Angeles y eras de DA21 o DA20;;Agosto
19-ago;abogadodeextranjeria;Instagram;Reel;https://www.instagram.com/abogadodeextranjeria/reel/DcOBvAqO4cS/;@abogadodeextranjeria nada que me sale la mía solo dice en trámite q hago?;;Agosto
19-ago;abogadodeextranjeria;Instagram;Reel;https://www.instagram.com/abogadodeextranjeria/reel/DcOBvAqO4cS/;Cuánto cuesta tramitar la nacionalidad?;;Agosto
19-ago;abogadodeextranjeria;Instagram;Reel;https://www.instagram.com/abogadodeextranjeria/reel/DcOBvAqO4cS/;En mi caso yo tengo mi admisión a trámite, pero mi pareja no. Aún así podemos reservar citas para ambos???;;Agosto
19-ago;abogadodeextranjeria;Instagram;Reel;https://www.instagram.com/abogadodeextranjeria/reel/DcOBvAqO4cS/;Ya tengo mi admisión a trámite pero mi esposo aún no puedo sacar cita para los 2?;;Agosto
19-ago;abogadodeextranjeria;Instagram;Reel;https://www.instagram.com/abogadodeextranjeria/reel/DcOBvAqO4cS/;@karlat21 pero si están d vacaciones 😮?;;Agosto
19-ago;abogadodeextranjeria;Instagram;Reel;https://www.instagram.com/abogadodeextranjeria/reel/DcOBvAqO4cS/;Pues no me extraña..eso es el resultado de un gran despacho y profesionales como tu!;;Agosto
19-ago;abogadodeextranjeria;Instagram;Reel;https://www.instagram.com/abogadodeextranjeria/reel/DcOBvAqO4cS/;Hola @abogadodeextranjeria Se puede pedir cita para la renovación en este momento? O debemos esperar a sus instrucciones?;;Agosto
19-ago;abogadodeextranjeria;Instagram;Reel;https://www.instagram.com/abogadodeextranjeria/reel/DcOBvAqO4cS/;Pau como podemos ir reservando la cita!!;;Agosto
19-ago;abogadodeextranjeria;Instagram;Reel;https://www.instagram.com/abogadodeextranjeria/reel/DcOBvAqO4cS/;Porque están llegando provisionales ? Hasta que llegue la favorable no si puede coger cita para las huellas.;;Agosto
19-ago;abogadodeextranjeria;Instagram;Reel;https://www.instagram.com/abogadodeextranjeria/reel/DcOBvAqO4cS/;Queremos saber que requisitos nisisitan para renovar papeles a 4 años es obligatorio contrato de 8 horas y trabajar 90 días ? O solo contrato de 30 horas podemos renovar gracias;;Agosto
19-ago;abogadodeextranjeria;Instagram;Reel;https://www.instagram.com/abogadodeextranjeria/reel/DcOBvAqO4cS/;Pau los que estamos en el 80% de admitidos a trámite podremos reservar ya la cita o debemos esperar a que se resuelva ya del todo favorablemente la residencia?;;Agosto
19-ago;abogadodeextranjeria;Instagram;Reel;https://www.instagram.com/abogadodeextranjeria/reel/DcOBvAqO4cS/;Hay una cantidad considerable de empresas que con la admisión a trámite no led vale y simplemente no contratan... Eso es legal?.... Es denunciable?;;Agosto
19-ago;abogadodeextranjeria;Instagram;Reel;https://www.instagram.com/abogadodeextranjeria/reel/DcOBvAqO4cS/;Hola, presenté la solicitud el 14/05 y recibí la autorización provisional de residencia y trabajo el 12/06. Ya he recibido la tarjeta SIP definitiva y el plazo de tres meses para obtener una resolución definitiva ya ha transcurrido. ¿Cómo puedo presentar un recurso o un escrito para solicitar que se dicte una resolución y obtener una respuesta sobre mi expediente? Por favor.;;Agosto
19-ago;abogadodeextranjeria;Instagram;Reel;https://www.instagram.com/abogadodeextranjeria/reel/DcOBvAqO4cS/;"Que significa si en mi expediente dice ""en trámite""";;Agosto
19-ago;abogadodeextranjeria;Instagram;Reel;https://www.instagram.com/abogadodeextranjeria/reel/DcOBvAqO4cS/;Hola Pau muy agradecido. El 07 de agosto me llegó mí resolución favorable y mañana tengo la cita de Huellas. Ayer le llegó favorable a mí hijo mayor de edad solo falta obtener la cita para huellas, solo falta mí hija menor y mí esposa más que feliz y cuando esté el favorable de mí hija y mí esposa estaremos completos de felicidad.. muchos éxitos y paciencia...;;Agosto
19-ago;abogadodeextranjeria;Instagram;Reel;https://www.instagram.com/abogadodeextranjeria/reel/DcOBvAqO4cS/;@miguelvital1977 y cuando presentaron los doctos a extranjería?;;Agosto
19-ago;abogadodeextranjeria;Instagram;Reel;https://www.instagram.com/abogadodeextranjeria/reel/DcOBvAqO4cS/;@miguelvital1977 fueron de asilo? Por contrato o vulnerabilidad?;;Agosto
19-ago;abogadodeextranjeria;Instagram;Reel;https://www.instagram.com/abogadodeextranjeria/reel/DcOBvAqO4cS/;@miguelvital1977 hola con quién sacaste tu cita de huellas?;;Agosto
19-ago;abogadodeextranjeria;Instagram;Reel;https://www.instagram.com/abogadodeextranjeria/reel/DcOBvAqO4cS/;Que bueno para los que pueden pagar tus servicios…;;Agosto
19-ago;abogadodeextranjeria;Instagram;Reel;https://www.instagram.com/abogadodeextranjeria/reel/DcOBvAqO4cS/;Muchas gracias Pau por la gestión, estoy dentro del 6% ya tengo TIE 👍🏻 gracias aún mi esposa no le llega la resolución 😔 me llegó a mí y a ella aun no💔 Pauo mientras no le llegue la resolución a mi esposa es necesario que ella renueve su tarjeta roja de solicitud de asilo? Que se le vence este mes?;;Agosto
19-ago;abogadodeextranjeria;Instagram;Reel;https://www.instagram.com/abogadodeextranjeria/reel/DcOBvAqO4cS/;Que diferencia hay entre admisión a trámite y pendiente de admisión?;;Agosto
19-ago;abogadodeextranjeria;Instagram;Reel;https://www.instagram.com/abogadodeextranjeria/reel/DcOBvAqO4cS/;@dangersonrenerivas Que ya revisaron su expediente y que está todo en orden que no falta nada es cuando ya le llega la admisión a trámite y pendiente de admisión es cuando tiene alguna requerimiento por falta de documentación y/o falta del pago de las tasas.❤️;;Agosto
19-ago;abogadodeextranjeria;Instagram;Reel;https://www.instagram.com/abogadodeextranjeria/reel/DcOBvAqO4cS/;No ha comenzado la renovación, ya esta pidiendo que reserven cita. Cuidado les pasa como a mi, en enero pague por una cita con una abogado que nunca me dieron, aun así continúe y pague mis tramites completos, no me atendieron como espere, desistí de hacer los tramites con el y se quedaron con parte de mi dinero SIN JUSTIFICACION. Esto es increíble!;;Agosto
19-ago;abogadodeextranjeria;Instagram;Reel;https://www.instagram.com/abogadodeextranjeria/reel/DcOBvAqO4cS/;Hola abogado yo tengo una pregunta si podrías informarme o llevar mi caso...me salió la solicitud favorable a mi hija de 15 años también ..pero tengo aquí en españa a mi esposo q tiene un contrato de trabajo como socorrista soko x 3 meses en verano por una empresa ...el cual le permite solo trabajar x esa empresa...mi esposo quiere quedarse acá en españa...como seria loa tramites para él...? Teniendo en cuenta q yo y mi hija estamos esperando la resolución favorable y definitiva para poder sacar cita para la toma de huellas ...será posible q podría hacer la reagrupacion o darle yo papeles a mi esposo?;;Agosto
19-ago;abogadodeextranjeria;Instagram;Reel;https://www.instagram.com/abogadodeextranjeria/reel/DcOBvAqO4cS/;Me gustaría.pregunarle..si ya tengo todo..lo único que espero el la carta de aprobación del la Regulizacion..que tanto debo esperar..la hice x mi cuenta y todo ha salido bien en nombre de Dios todopoderoso..;;Agosto
19-ago;abogadodeextranjeria;Instagram;Reel;https://www.instagram.com/abogadodeextranjeria/reel/DcOBvAqO4cS/;@daniicar36 busca otro lugar para sacarlo, una casa de timbre o así, porque hay lugares donde si y otros donde no;;Agosto
19-ago;abogadodeextranjeria;Instagram;Reel;https://www.instagram.com/abogadodeextranjeria/reel/DcOBvAqO4cS/;@daniicar36 compa lo que le piden es el número de nie y pasaporte en hacienda para que le den el certificado digital con el certificado usted solicita el número de seguridad social por internet;;Agosto
19-ago;abogadodeextranjeria;Instagram;Reel;https://www.instagram.com/abogadodeextranjeria/reel/DcOBvAqO4cS/;@clau180477 equivocado? Tengo más de 1 semana en eso y nada;;Agosto
19-ago;abogadodeextranjeria;Instagram;Reel;https://www.instagram.com/abogadodeextranjeria/reel/DcOBvAqO4cS/;@daniicar36 es falso por qué yo sé lo saqué a una amiga y así familia en Torrevieja;;Agosto
19-ago;abogadodeextranjeria;Instagram;Reel;https://www.instagram.com/abogadodeextranjeria/reel/DcOBvAqO4cS/;@daniicar36 no tienes que ir al prop tienes que ir directamente ala seguridad social, el prop les da la clave digital que es diferente que el certificado digital;;Agosto
19-ago;abogadodeextranjeria;Instagram;Reel;https://www.instagram.com/abogadodeextranjeria/reel/DcOBvAqO4cS/;Cuál cita hay que ir reservando?;;Agosto
19-ago;abogadodeextranjeria;Instagram;Reel;https://www.instagram.com/abogadodeextranjeria/reel/DcOBvAqO4cS/;4 meses y sigo en trámite . Es normal ??;;Agosto
19-ago;abogadodeextranjeria;Instagram;Reel;https://www.instagram.com/abogadodeextranjeria/reel/DcOBvAqO4cS/;Hola tus servicios muy buenos. El precio de este trámite?;;Agosto
19-ago;abogadodeextranjeria;Instagram;Reel;https://www.instagram.com/abogadodeextranjeria/reel/DcOBvAqO4cS/;Yo quiero hacerlo por mí que ya estoy por tener el tiempo de solicitar mi nacionalidad y por mi esposo que aún no le ha llegado la resolución de regulación masiva. Que debo hacer esperar la resolución o hacer la cita ya?;;Agosto
19-ago;abogadodeextranjeria;Instagram;Reel;https://www.instagram.com/abogadodeextranjeria/reel/DcOBvAqO4cS/;Muchas veces el tiempo de espera de un trámite como este,pone a cualquier persona a dudar, es normal el desespero y estrés que esto conlleva, no me arrepiento de haber tomado la decisión de hacer el proceso con ustedes, ya tengo mi admisión a trámite y seguramente llegará la aprobación definitiva, Pau eres el mejor en lo que haces!!;;Agosto
19-ago;abogadodeextranjeria;Instagram;Reel;https://www.instagram.com/abogadodeextranjeria/reel/DcOBvAqO4cS/;Nosotros hemos sido admitido a trámite,pero aun no sale nada..lo que me da miedo es que como aún no ha salido trabajo eso nos tranque el si final...😭;;Agosto
19-ago;abogadodeextranjeria;Instagram;Reel;https://www.instagram.com/abogadodeextranjeria/reel/DcOBvAqO4cS/;Sigo insistiendo en buscar trabajo y en todos los LUGARES, empresas de todo tipo me dicen que no aceptan el documento de admisión a trámite porque lo que necesitan es el TIE;;Agosto
19-ago;abogadodeextranjeria;Instagram;Reel;https://www.instagram.com/abogadodeextranjeria/reel/DcOBvAqO4cS/;Madre mía. Ya están vendiendo servicios para el año que viene y lo llaman «planificación», cuando en realidad lo único que consiguen es que la gente se preocupe y se angustie. Es una auténtica locura... jajaja.;;Agosto
19-ago;abogadodeextranjeria;Instagram;Reel;https://www.instagram.com/abogadodeextranjeria/reel/DcOBvAqO4cS/;Tengo el permiso de trabajo, número de nie y seguridad social,eso quiere decir que ya mi trámite esta admitido?;;Agosto
19-ago;abogadodeextranjeria;Instagram;Reel;https://www.instagram.com/abogadodeextranjeria/reel/DcOBvAqO4cS/;Hola, gracias por el trabajo que hacen 🙏🏻 quisiera saber cómo va mi trámite , gracias 🙏🏻;;Agosto
19-ago;abogadodeextranjeria;Instagram;Reel;https://www.instagram.com/abogadodeextranjeria/reel/DcOBvAqO4cS/;Hola buenas tardes estimados hablo para informar que me llamaron de la policía Nacional para informar que tengo cita de asilo el dia 1 de septiembre para la entrevista, ellos me notificaron que en el sistema dice concedido el tema del carnet pero aun no sale la fecha de caducidad que debía dirigirme con ustedes para poder saber si realizo lo de la entrevista de asilo o doy por cancelado el asilo ya que estoy en tramite de la regularización pot favor espero pronta respuesta gracias;;Agosto
19-ago;abogadodeextranjeria;Instagram;Reel;https://www.instagram.com/abogadodeextranjeria/reel/DcOBvAqO4cS/;Muchas gracias abogado. No hice el trámite contigo. Pero del primer día te sigo. Mi dificultad para hacerlo con tu estudio fue económica. Lo hice directo en correo y estoy muy ansiosa para que me salga favorable.ya que se ve muy lento el trámite. Muchas gracias porque tus videos me son muy útiles.👏👏;;Agosto
19-ago;abogadodeextranjeria;Instagram;Reel;https://www.instagram.com/abogadodeextranjeria/reel/DcOBvAqO4cS/;Hola Pau espero que estés bien Vi recientemente tu publicación sobre la regularización masiva y tu despacho presentó mi expediente el 8 de mayo y aún no he recibido mi admisión a trámite, en varias ocasiones e intentado comunicarme con ustedes para solicitar información acerca de mi proceso pero tus empleados me cuelgan el teléfono o me dejan en espera por más de 1 hora. Es posible que tú me ayudaras con la información acerca del estado de mi expediente ????;;Agosto
19-ago;abogadodeextranjeria;Instagram;Reel;https://www.instagram.com/abogadodeextranjeria/reel/DcOBvAqO4cS/;Si aún no ha sido admitida a trámite y se presentó desde el 29 de mayo, cuánto es el tiempo que se tendría que esperar para que sea admitida a trámite ?;;Agosto
19-ago;abogadodeextranjeria;Instagram;Reel;https://www.instagram.com/abogadodeextranjeria/reel/DcOBvAqO4cS/;Alguien sabe qué pasa si uno ha cambiado en ocasiones de empleo con la admisión a trámite?;;Agosto
19-ago;abogadodeextranjeria;Instagram;Reel;https://www.instagram.com/abogadodeextranjeria/reel/DcOBvAqO4cS/;Hola! Cómo puedo agendar para esta renovación ? Me aparecen solo citas hasta noviembre pero sería muy pronto para la renovación;;Agosto
19-ago;abogadodeextranjeria;Instagram;Reel;https://www.instagram.com/abogadodeextranjeria/reel/DcOBvAqO4cS/;@abogadodeextranjeria todavia no se recibe la admisión a trámite desde el 29 de abril que esta en trámite;;Agosto
19-ago;abogadodeextranjeria;Instagram;Reel;https://www.instagram.com/abogadodeextranjeria/reel/DcOBvAqO4cS/;Cuánto vale la cita;;Agosto
19-ago;abogadodeextranjeria;Instagram;Reel;https://www.instagram.com/abogadodeextranjeria/reel/DcOBvAqO4cS/;Una pregunta y como hacemos para toma de huellas en Barcelona;;Agosto
19-ago;abogadodeextranjeria;Instagram;Reel;https://www.instagram.com/abogadodeextranjeria/reel/DcOBvAqO4cS/;Wuauuu, ese gran éxito te lo mereces por ese gran trabajo q as hecho tú y tú equipo 💪, sigues creciendo cada día. Es todo lo q te deceo, para mi en lo personal eres el mejor Abogado ,gracias por estar ahi para mí como para miles de emigrantes q nos da seguridad y esperanza, te bendigo cada dia de tu vida ❤️❤️;;Agosto
19-ago;abogadodeextranjeria;Instagram;Reel;https://www.instagram.com/abogadodeextranjeria/reel/DcOBvAqO4cS/;Ya tengo el NIE físico puedo viajar fuera de España?;;Agosto
19-ago;abogadodeextranjeria;Instagram;Reel;https://www.instagram.com/abogadodeextranjeria/reel/DcOBvAqO4cS/;Hola quisiera saber por qué aún no me han enviado el soporte de pago de la tasa graciaaaas;;Agosto
19-ago;abogadodeextranjeria;Instagram;Reel;https://www.instagram.com/abogadodeextranjeria/reel/DcOBvAqO4cS/;Gracias a ti , yo siempre he tenido muchísima confianza y gracias a Dios estoy en el 80%, pero no se qué pasos dar a partir de ahí. Qué debo hacer? , disculpa pero no lo sé;;Agosto
19-ago;abogadodeextranjeria;Instagram;Reel;https://www.instagram.com/abogadodeextranjeria/reel/DcOBvAqO4cS/;Estoy entre los que están esperando esperemos y todo se de;;Agosto
19-ago;abogadodeextranjeria;Instagram;Reel;https://www.instagram.com/abogadodeextranjeria/reel/DcOBvAqO4cS/;Estamos igual preocupados porque aunque tengamos ingreso a trámite sin NIE físico no te contratan, sería bueno saber las fechas de presentación para saber cuanto está demorando en responder extranjería;;Agosto
19-ago;abogadodeextranjeria;Instagram;Reel;https://www.instagram.com/abogadodeextranjeria/reel/DcOBvAqO4cS/;Cómo hago. Para reservar para la renovación . Yo tengo el favorable desde el 24 junio;;Agosto
19-ago;abogadodeextranjeria;Instagram;Reel;https://www.instagram.com/abogadodeextranjeria/reel/DcOBvAqO4cS/;Eres El Mejor Y En Eso No Hay Discusion🙌 El Mejor Abogado en España 🇪🇸 Mérito a Quien Se Lo Merece Un De Todito Responsable , Serio , Humilde , Humano, Etica Va Con Todo @abogadodeextranjeria 🙏🏼;;Agosto
19-ago;abogadodeextranjeria;Instagram;Reel;https://www.instagram.com/abogadodeextranjeria/reel/DcOBvAqO4cS/;Osea que todo el que no tenga antecedentes penales será aprobado ??;;Agosto
19-ago;abogadodeextranjeria;Instagram;Reel;https://www.instagram.com/abogadodeextranjeria/reel/DcOBvAqO4cS/;Holaaaa. Me puedes por favor informar donde están ubicados... Gracias!!!;;Agosto
19-ago;abogadodeextranjeria;Instagram;Reel;https://www.instagram.com/abogadodeextranjeria/reel/DcOBvAqO4cS/;Buenas ... Yo tengo la 3 tarjeta de residencia por un año. Yo podré hacerlo ahoramismo?;;Agosto
19-ago;abogadodeextranjeria;Instagram;Reel;https://www.instagram.com/abogadodeextranjeria/reel/DcOBvAqO4cS/;Yo esperando mi resolución favorable la cual a un no me a llegado pero sí pienso hacer el proceso de renovación con ustedes PAU a futuro cercano 🙏🏼👍👏🇨🇴🇨🇴;;Agosto
19-ago;abogadodeextranjeria;Instagram;Reel;https://www.instagram.com/abogadodeextranjeria/reel/DcOBvAqO4cS/;Si el 0,01 son 3 el 100% son 30.000. Prepárate para que hacienda pique a tu puerta.;;Agosto
19-ago;abogadodeextranjeria;Instagram;Reel;https://www.instagram.com/abogadodeextranjeria/reel/DcOBvAqO4cS/;Claro muy bien para usted y su estudio! Y usted que es un gran profesional y la gente que pudo hacerlo con ustedes! Todo re bien! Pero los que no pudieron pagar están seguro al final de la lista ! Xq parece que xq lo.presenta un estudio todo sale rápido,en cambio el pobre que no pudo presentar con ustedes u otro estudio los dejan para el final!;;Agosto
19-ago;abogadodeextranjeria;Instagram;Reel;https://www.instagram.com/abogadodeextranjeria/reel/DcOBvAqO4cS/;Te felicito por qué eso está demorado 🤝;;Agosto
19-ago;abogadodeextranjeria;Instagram;Reel;https://www.instagram.com/abogadodeextranjeria/reel/DcOBvAqO4cS/;Un 6% solo favorable, madre mía.A este paso nos iremos hasta 2030 para que nos den favorable.;;Agosto
19-ago;abogadodeextranjeria;Instagram;Reel;https://www.instagram.com/abogadodeextranjeria/reel/DcOBvAqO4cS/;Pau buenas tardes que ha paso con el portal clientes no puedo ingresar?;;Agosto
18-ago;abogadodeextranjeria;Instagram;Reel;https://www.instagram.com/abogadodeextranjeria/reel/DcMPRLEOlt8/;Un millón de gracias por toda la explicación y por tomarte el tiempo y paciencia de ayudar tanto a tus clientes como a los que no son tus clientes, no me arrepiento de haber solicitado los servicios de tu despacho, gracias por tanto ❤️;;Agosto
18-ago;abogadodeextranjeria;Instagram;Reel;https://www.instagram.com/abogadodeextranjeria/reel/DcMPRLEOlt8/;@cleibertt yo tambien 4 meses de modificación y solo dice en tramite ya estoy preocupada y meti todo los papeles estoy trabajando antecedente penales todo lo que pedian no entiendo por que demora tantos meses;;Agosto
18-ago;abogadodeextranjeria;Instagram;Reel;https://www.instagram.com/abogadodeextranjeria/reel/DcMPRLEOlt8/;@shanina_06 Muchas personas cercanas los metieron antes y tampoco les llega aún, eso lo están haciendo como caiga al parecer.;;Agosto
18-ago;abogadodeextranjeria;Instagram;Reel;https://www.instagram.com/abogadodeextranjeria/reel/DcMPRLEOlt8/;@miguel___mosquera dice favorable o la concesión temporal ? Para pagar la tasa ?;;Agosto
18-ago;abogadodeextranjeria;Instagram;Reel;https://www.instagram.com/abogadodeextranjeria/reel/DcMPRLEOlt8/;@dani.bdzz si, renuevala, yo la renove, no tiene nada que ver. Simplemente cuando te den el favorable tienes que renunciar a la solicitud de asilo. Lo haces por vía telemática;;Agosto
18-ago;abogadodeextranjeria;Instagram;Reel;https://www.instagram.com/abogadodeextranjeria/reel/DcMPRLEOlt8/;A mi me acaba de llegar la admisión a trámite,y no sé para dónde ir 🥴;;Agosto
18-ago;abogadodeextranjeria;Instagram;Reel;https://www.instagram.com/abogadodeextranjeria/reel/DcMPRLEOlt8/;@lp_b.ok nooooo, debes recibir la admisión a trámite donde dice explícitamente autoriza a trabajar;;Agosto
18-ago;abogadodeextranjeria;Instagram;Reel;https://www.instagram.com/abogadodeextranjeria/reel/DcMPRLEOlt8/;@abogadodeextranjeria cómo va a renovar una persona si no ha sido admitido a tramite;;Agosto
18-ago;abogadodeextranjeria;Instagram;Reel;https://www.instagram.com/abogadodeextranjeria/reel/DcMPRLEOlt8/;Que pasa si cuando se llegue el tiempo de renovación aun no ha llegado la resolución? Se puede hacer renovación solo con admisión a trámite?;;Agosto
18-ago;abogadodeextranjeria;Instagram;Reel;https://www.instagram.com/abogadodeextranjeria/reel/DcMPRLEOlt8/;A mi esposo y a mis hijos les concedieron la residencia por razones humanitarias y ya habíamos solicitado la residencia mediante la regularización extraordinaria. Debo notificarlo en sus expedientes?;;Agosto
18-ago;abogadodeextranjeria;Instagram;Reel;https://www.instagram.com/abogadodeextranjeria/reel/DcMPRLEOlt8/;En mi solicitud me sale el NIE,pero abajo sigue en trámite alguien me podría decir si tengo que pagar las tasas?o debo seguir esperando?;;Agosto
18-ago;abogadodeextranjeria;Instagram;Reel;https://www.instagram.com/abogadodeextranjeria/reel/DcMPRLEOlt8/;Hola cómo estás? Te voy hacer una pregunta.. yo soy venezolana y pedí asilo estoy en ese trámite. Me dieron Nie tengo la tarjeta de sanidad. Hice la regularización y fui ayer a ver cómo iban mis papeles y resulta que me cambiaron mi Nie me puedes explicar eso??? Por favor. Fui a extranjería y me dijeron que sigo con mi mismo Nie en el proceso de asilo. Que ellos no saben nada;;Agosto
18-ago;abogadodeextranjeria;Instagram;Reel;https://www.instagram.com/abogadodeextranjeria/reel/DcMPRLEOlt8/;Y ese requisito de contrato de trabajo, contaria si uno se da de alta autónoma? Perdón, no conozco sobre estos temas y me confundo 😢;;Agosto
18-ago;abogadodeextranjeria;Instagram;Reel;https://www.instagram.com/abogadodeextranjeria/reel/DcMPRLEOlt8/;Hasta el momento, solo tengo un número de nie. ¿Hay algún motivo de preocupación?;;Agosto
18-ago;abogadodeextranjeria;Instagram;Reel;https://www.instagram.com/abogadodeextranjeria/reel/DcMPRLEOlt8/;Hola Pau espero que estés bien Vi recientemente tu publicación sobre la regularización masiva y tu despacho presentó mi expediente el 8 de mayo y aún no he recibido mi admisión a trámite, en varias ocasiones e intentado comunicarme con ustedes para solicitar información acerca de mi proceso pero tus empleados me cuelgan el teléfono o me dejan en espera por más de 1 hora. Es posible que tú me ayudaras con la información acerca del estado de mi expediente ????;;Agosto
18-ago;abogadodeextranjeria;Instagram;Reel;https://www.instagram.com/abogadodeextranjeria/reel/DcMPRLEOlt8/;Ami lo único que me ha llegado es una carta de la seguridad social que me dan de alta , quisiera saber si ya con eso puedo trabajar ?;;Agosto
18-ago;abogadodeextranjeria;Instagram;Reel;https://www.instagram.com/abogadodeextranjeria/reel/DcMPRLEOlt8/;@sr_perez92 si puedes trabajar cuando te dan el alta es porque tienes permiso para trabajar;;Agosto
18-ago;abogadodeextranjeria;Instagram;Reel;https://www.instagram.com/abogadodeextranjeria/reel/DcMPRLEOlt8/;@sr_perez92 de poderse si, el problema es que hay muchas empresas que no confian sino se muestra la tarjeta de residencia;;Agosto
18-ago;abogadodeextranjeria;Instagram;Reel;https://www.instagram.com/abogadodeextranjeria/reel/DcMPRLEOlt8/;@sr_perez92 si ya puedes trabajar,por qué ya tienes admisión a trámite (ya tienes número de Nie y número de seguridad social) y estás solo en espera de la resolución definitiva!!!;;Agosto
18-ago;abogadodeextranjeria;Instagram;Reel;https://www.instagram.com/abogadodeextranjeria/reel/DcMPRLEOlt8/;Y se puede pasar la nacionalidad por residencia a los padres?;;Agosto
18-ago;abogadodeextranjeria;Instagram;Reel;https://www.instagram.com/abogadodeextranjeria/reel/DcMPRLEOlt8/;Hola, no me llegó la admisión a trámite, pero si se me notifico por el número de NIE. El asunto es que no puedo trabajar porque no tengo el permiso. Algunos igual van a seguridad social y ya comienzan a trabajar con el NIE y la alta en S.S. Es esto posible? Tengo que esperar a que me den el permiso o ya puedo ir a S.S y darme el alta para trabajar?;;Agosto
18-ago;abogadodeextranjeria;Instagram;Reel;https://www.instagram.com/abogadodeextranjeria/reel/DcMPRLEOlt8/;@pablocarral23 a mí me contrataron con el NIE provisional y el número de seguridad social asignado. Tienes que explicarlo al empleador. Ventura emite un documento para que le mostremos al empleador y sepa que puede contratar ilimitadamente.;;Agosto
18-ago;abogadodeextranjeria;Instagram;Reel;https://www.instagram.com/abogadodeextranjeria/reel/DcMPRLEOlt8/;@pablocarral23 , estamos en las mismas , mi trámite fué ingresado el 28 de abril , yo visualicé que ya me habían asignado el número del nie en junio y en julio me llegó una carta al domicilio donde me notificaban que ya tenia el número y alta en la seguridad social , pero hasta la fecha no me llega la admisión a trámite🥺;;Agosto
18-ago;abogadodeextranjeria;Instagram;Reel;https://www.instagram.com/abogadodeextranjeria/reel/DcMPRLEOlt8/;@leidysdaya.ser , hola trabajas sin la Admisión a trámite?;;Agosto
18-ago;abogadodeextranjeria;Instagram;Reel;https://www.instagram.com/abogadodeextranjeria/reel/DcMPRLEOlt8/;"A mi ya me llegó mi permiso de trabajo y residencia PROVISIONAL, la cual no me autoriza a sacar la TIE, ya que necesito el favorable oficial, pero yo ya estoy cotizando. Lo que no entiendo es por qué en la web de extranjeria me sigue figurando ""EN trámite"".";;Agosto
18-ago;abogadodeextranjeria;Instagram;Reel;https://www.instagram.com/abogadodeextranjeria/reel/DcMPRLEOlt8/;Buenos dias, me ha salido la resolución que esta en trámite, pero no he pagado la tasa, ya que no me la han dado, en realidad la lleva otro abogado y me dice que a el aún no le ha llegado la tasa para poder acercarme a pagar, creo que si no ae paga la tasa wl trámite no avanza, podrías decirme que tan cierto es que la tasa la toe;;Agosto
18-ago;abogadodeextranjeria;Instagram;Reel;https://www.instagram.com/abogadodeextranjeria/reel/DcMPRLEOlt8/;Tu abogado tenía que avisarte para que pagues la tasa, si no lo as pagado es responsabilidad de tu abogado por no avisarte.;;Agosto
18-ago;abogadodeextranjeria;Instagram;Reel;https://www.instagram.com/abogadodeextranjeria/reel/DcMPRLEOlt8/;Igualmente mi hija está así, aún no le llega la tasa para poder pagar 🤦🏻‍♀️ Qué habrá que hacer ?;;Agosto
18-ago;abogadodeextranjeria;Instagram;Reel;https://www.instagram.com/abogadodeextranjeria/reel/DcMPRLEOlt8/;Pero cuánto tiempo se debe trabajar para pedir la renovación;;Agosto
18-ago;abogadodeextranjeria;Instagram;Reel;https://www.instagram.com/abogadodeextranjeria/reel/DcMPRLEOlt8/;@rosales_f1 3 que?;;Agosto
18-ago;abogadodeextranjeria;Instagram;Reel;https://www.instagram.com/abogadodeextranjeria/reel/DcMPRLEOlt8/;@abogadodeextranjeria Me gustaría saber cuál es la información verídica Abogado.;;Agosto
18-ago;abogadodeextranjeria;Instagram;Reel;https://www.instagram.com/abogadodeextranjeria/reel/DcMPRLEOlt8/;Buenas noches estimado abogado, en mi caso fui solicitante de asilo, denegado y presenté mis documentos mediante abogado para la regularización, pagué la tasa y hasta ahora tengo el NIE y la notificación mediante DEHU de alta en la seguridad social, el certificado de admitido a trámite no me ha llegado aún, en mi trabajo me preguntan si ya me pueden dar de alta? Q hago? Gracias...;;Agosto
18-ago;abogadodeextranjeria;Instagram;Reel;https://www.instagram.com/abogadodeextranjeria/reel/DcMPRLEOlt8/;Hola Pau . Está muy bien explicado y se entiende pero, tendrán en cuenta a aquellas personas que tenemos el permiso para residir y trabajar y no encontramos trabajo porque nos piden la TIE fisica ? Me gustaría que hicieras un vídeo relacionado con el tema;;Agosto
18-ago;abogadodeextranjeria;Instagram;Reel;https://www.instagram.com/abogadodeextranjeria/reel/DcMPRLEOlt8/;Hola, a mí hijo le han dado la resolución en teoría positiva y le han dado número de documento ,pero no sé sabe porque no le han dado aún número de seguridad social y como puede demostrar que trabaja si no le conceden el número de seguridad social como hace para currar;;Agosto
18-ago;abogadodeextranjeria;Instagram;Reel;https://www.instagram.com/abogadodeextranjeria/reel/DcMPRLEOlt8/;Cómo puedo comunicarme por el privado??;;Agosto
18-ago;abogadodeextranjeria;Instagram;Reel;https://www.instagram.com/abogadodeextranjeria/reel/DcMPRLEOlt8/;Hola @abogadodeextranjeria yo puedo con el Número de NIE asignado darme de alta en la seguridad social?;;Agosto
18-ago;abogadodeextranjeria;Instagram;Reel;https://www.instagram.com/abogadodeextranjeria/reel/DcMPRLEOlt8/;Mi esposo y yo iniciamos trámite de arraigo socio laboral en agosto del año pasado 2025 , pero salió este año en junio por la regularización extraordinaria ya debemos de nuevo iniciar para renovar ?;;Agosto
18-ago;abogadodeextranjeria;Instagram;Reel;https://www.instagram.com/abogadodeextranjeria/reel/DcMPRLEOlt8/;@abogadodeextranjeria hola para la toma de huellas si mi padrón tiene aviso baja de inclusión Me afecta?;;Agosto
18-ago;abogadodeextranjeria;Instagram;Reel;https://www.instagram.com/abogadodeextranjeria/reel/DcMPRLEOlt8/;Abogado por favor me podría indicar como me puedo comunicar con usted directamente yo quiero una consulta con usted;;Agosto
18-ago;abogadodeextranjeria;Instagram;Reel;https://www.instagram.com/abogadodeextranjeria/reel/DcMPRLEOlt8/;Hola. Si hice regularizacion con contrato, puedo darme de alta con otro empleador sin dar aviso a extranjería o quien aplique?;;Agosto
18-ago;abogadodeextranjeria;Instagram;Reel;https://www.instagram.com/abogadodeextranjeria/reel/DcMPRLEOlt8/;Buenas tardes abogado, deseó saber cuánto se demora un visado de estudió y si se puede con permiso de trabajo??;;Agosto
18-ago;abogadodeextranjeria;Instagram;Reel;https://www.instagram.com/abogadodeextranjeria/reel/DcMPRLEOlt8/;Y los que estamos en proceso de asilo, que, como se hace si aun no ha salido la resolución y este apunto de vencer la tarjeta roja ?;;Agosto
18-ago;abogadodeextranjeria;Instagram;Reel;https://www.instagram.com/abogadodeextranjeria/reel/DcMPRLEOlt8/;Me encanta como explicas;;Agosto
18-ago;abogadodeextranjeria;Instagram;Reel;https://www.instagram.com/abogadodeextranjeria/reel/DcMPRLEOlt8/;Hola que requisitos para poder renovar a 4 años ?;;Agosto
18-ago;abogadodeextranjeria;Instagram;Reel;https://www.instagram.com/abogadodeextranjeria/reel/DcMPRLEOlt8/;Cuando me van a regresar mi dinero he enviado muchos correos y me dicen que si pero aún no veo reflejado el reembolso ya llevo así más de 4 meses🤨;;Agosto
18-ago;abogadodeextranjeria;Instagram;Reel;https://www.instagram.com/abogadodeextranjeria/reel/DcMPRLEOlt8/;Buenos días pau me gustaría saber que documento necesitaría para traerme a mi madre que tiene 90 años y Ami hermana cómo acompañante me gustaría traerla de vacaciones;;Agosto
18-ago;abogadodeextranjeria;Instagram;Reel;https://www.instagram.com/abogadodeextranjeria/reel/DcMPRLEOlt8/;Y para la parte bancaria como podríamos hacer? Por que por mi parte mi tarjeta roja se vence en noviembre;;Agosto
18-ago;abogadodeextranjeria;Instagram;Reel;https://www.instagram.com/abogadodeextranjeria/reel/DcMPRLEOlt8/;Y para los que dice no favorable 😢😢😢???;;Agosto
18-ago;abogadodeextranjeria;Instagram;Reel;https://www.instagram.com/abogadodeextranjeria/reel/DcMPRLEOlt8/;Hola pagué mi tasa y la envié por ORVE por que la de extranjería nunca me llegó. Es valido?;;Agosto
18-ago;abogadodeextranjeria;Instagram;Reel;https://www.instagram.com/abogadodeextranjeria/reel/DcMPRLEOlt8/;Yo tengo carta roja y se me vence el 20/10/2026 que debo hacer;;Agosto
18-ago;abogadodeextranjeria;Instagram;Reel;https://www.instagram.com/abogadodeextranjeria/reel/DcMPRLEOlt8/;Que significa retrotraer?;;Agosto
18-ago;abogadodeextranjeria;Instagram;Reel;https://www.instagram.com/abogadodeextranjeria/reel/DcMPRLEOlt8/;De igual manera (no todos) pero la gran mayoría que aplicó a este proceso tiene tarjeta roja, por ende si no ha trabajado es por que no a querido!!!;;Agosto
18-ago;abogadodeextranjeria;Instagram;Reel;https://www.instagram.com/abogadodeextranjeria/reel/DcMPRLEOlt8/;Las empresas molestan cuando vas a buscar empleo te exigen la tarjeta NIE y no aceptan la hoja blanca que te dan;;Agosto
18-ago;abogadodeextranjeria;Instagram;Reel;https://www.instagram.com/abogadodeextranjeria/reel/DcMPRLEOlt8/;Abogado una familia completa se puede venir tiene 2 maestrías da clases universitaria y es biólogo cuánto nos cobra por traerlos para aquí;;Agosto
18-ago;abogadodeextranjeria;Instagram;Reel;https://www.instagram.com/abogadodeextranjeria/reel/DcMPRLEOlt8/;Hola y los que aún no tienen admisión ha transmite?;;Agosto
18-ago;abogadodeextranjeria;Instagram;Reel;https://www.instagram.com/abogadodeextranjeria/reel/DcMPRLEOlt8/;Hola ... donde tienes tus oficinas en España???;;Agosto
18-ago;abogadodeextranjeria;Instagram;Reel;https://www.instagram.com/abogadodeextranjeria/reel/DcMPRLEOlt8/;Y si mi hijo está hay con la mamá pero no mela llevo bien con ella y mi hijo si lo llamo y si hablo con el el tiene 12 años cómo aria si voy y pido para entrar hay para poder estar con mi hijo auquesea con un régimen de visita xq tengo 8 años q no lo veo ya;;Agosto
18-ago;abogadodeextranjeria;Instagram;Reel;https://www.instagram.com/abogadodeextranjeria/reel/DcMPRLEOlt8/;@abogadodeextranjeria que pasa con las resoluciones de modificación de RH ya hace 3 meses que presenté expediente y aún no hay resolución.;;Agosto
18-ago;abogadodeextranjeria;Instagram;Reel;https://www.instagram.com/abogadodeextranjeria/reel/DcMIm2dOB7r/;Hola buenos dias , me llamó Jose estoy en Venezuela y quiero salir de esta olla de presión ,que debo hacer para entrar legal a España.;;Agosto
18-ago;abogadodeextranjeria;Instagram;Reel;https://www.instagram.com/abogadodeextranjeria/reel/DcMIm2dOB7r/;Buenas tardes tengo tarjeta roja se me vence en enero .. también hice el trámite de regularización.. que debo hacer ?;;Agosto
18-ago;abogadodeextranjeria;Instagram;Reel;https://www.instagram.com/abogadodeextranjeria/reel/DcMIm2dOB7r/;Tengo la segunda de renovacion de asilo por razones humanitarias, soy venezolana y se me vence la segunda tarjeta el 30 01 27, segun entiendo debo hacer la modificacion antes del 30 11 26, y luego hacer la solicituz de la nacionalidad. La consulta es que documentos debo presentar y cuanto sale cada expediente.;;Agosto
18-ago;abogadodeextranjeria;Instagram;Reel;https://www.instagram.com/abogadodeextranjeria/reel/DcMIm2dOB7r/;@anabellagonzalex si debes modificar antes y puedes pedir la nacionalidad cuando tengas la nueva por cuatro años, en lo que ya computes dos años entre ambos;;Agosto
18-ago;abogadodeextranjeria;Instagram;Reel;https://www.instagram.com/abogadodeextranjeria/reel/DcMIm2dOB7r/;Metí el asilo el 18 de febrero del 2026 y obvio que también metí la regularización, que aun sigo apareciendo en trámite, y recibí la tarjeta sanitaria,? Como hago en este caso;;Agosto
18-ago;abogadodeextranjeria;Instagram;Reel;https://www.instagram.com/abogadodeextranjeria/reel/DcMIm2dOB7r/;Hola... En el caso de quienes no logramos realizar el trámite de regularización que debemos hacer?;;Agosto
18-ago;abogadodeextranjeria;Instagram;Reel;https://www.instagram.com/abogadodeextranjeria/reel/DcMIm2dOB7r/;Buenos días, cuanto es el precio del tramite de modificación .;;Agosto
18-ago;abogadodeextranjeria;Instagram;Reel;https://www.instagram.com/abogadodeextranjeria/reel/DcMIm2dOB7r/;Se podrá solicitar protección por razones humanitarias a victimas del terremoto en Venezuela la guaira que perdieron su hogar y tienen cómo demostrarlo @abogadodeextranjeria;;Agosto
18-ago;abogadodeextranjeria;Instagram;Reel;https://www.instagram.com/abogadodeextranjeria/reel/DcMIm2dOB7r/;Hola cuanto es el costo para la modificación nosotros somos tres y ya estamos en fecha;;Agosto
18-ago;abogadodeextranjeria;Instagram;Reel;https://www.instagram.com/abogadodeextranjeria/reel/DcMIm2dOB7r/;El problema no es renovar y que ustedes lo hagan, el problema es que ustedes quieren cobrar 500 euros y quizás hasta más por hacer ese trámite que no debe de ser tan complicado como para costar medio sueldo de un trabajador, y si es una familia con 2 niños esposa esposo serían 2000 mil euros o más por ese núcleo familiar, creo q es un abuso y siento que se aprovechan de la situación. Ojo y hablo en general. Se sabe que su trabajo vale pero es que abusan;;Agosto
18-ago;abogadodeextranjeria;Instagram;Reel;https://www.instagram.com/abogadodeextranjeria/reel/DcMIm2dOB7r/;A mis padres se les venció la residencia por razones humanitarias la semana pasada y no hicieron la modificación antes. Mencionas que pueden hacerlo aún 3 meses después de la caducidad, o sea tienen aún tiempo de solicitar la modificación? Que pasa si no están trabajando?;;Agosto
18-ago;abogadodeextranjeria;Instagram;Reel;https://www.instagram.com/abogadodeextranjeria/reel/DcMIm2dOB7r/;Si pueden hacerlo y hay muchos tutoriales donde te dicen lo que deben hacer y si no trabajan igual podrán hacerlo;;Agosto
18-ago;abogadodeextranjeria;Instagram;Reel;https://www.instagram.com/abogadodeextranjeria/reel/DcMIm2dOB7r/;@justley14 La mayoría no están contentos como están manejando la situacion, lacayos o no a todos les gusta unas buenas vacaciones en Orlando ....;;Agosto
18-ago;abogadodeextranjeria;Instagram;Reel;https://www.instagram.com/abogadodeextranjeria/reel/DcMIm2dOB7r/;@miguel75garcia TÚ sabes gracias a quien no????;;Agosto
18-ago;abogadodeextranjeria;Instagram;Reel;https://www.instagram.com/abogadodeextranjeria/reel/DcMIm2dOB7r/;Yo cambié mi tarjeta anual TIE , ahora tengo La tarjeta de larga duración,. Puedo continuar con esa tarjeta o debo modificarla???;;Agosto
18-ago;abogadodeextranjeria;Instagram;Reel;https://www.instagram.com/abogadodeextranjeria/reel/DcMIm2dOB7r/;@gustavo.perez.1 y cuáles son los requisitos exactamente porque dicen que un nuevo documento exime los requisitos actuales entonces cuáles son?;;Agosto
18-ago;abogadodeextranjeria;Instagram;Reel;https://www.instagram.com/abogadodeextranjeria/reel/DcMIm2dOB7r/;@abogadodeextranjeria hola cómo contactarlos?;;Agosto
18-ago;abogadodeextranjeria;Instagram;Reel;https://www.instagram.com/abogadodeextranjeria/reel/DcMIm2dOB7r/;Buen día. Me gustaría saber precio y requisitos para realizar el trámite?;;Agosto
18-ago;abogadodeextranjeria;Instagram;Reel;https://www.instagram.com/abogadodeextranjeria/reel/DcMIm2dOB7r/;Es lo más bochornoso q ha hecho este país . Tengo cuatro años aquí consecutivamente me habían renovado la tarjeta , trabajo en ayuda para personas mayores una empresa privada con convenio con ayuntamiento estoy ya fija en mi trabajo , pero q pasa q ahora q está este papeleo de documentos las citas y las resolución se tardan por llegar aquí la ley es la ley . Tengo estar entregando ese documento tarjeta q antes se me era más fácil , ahora con tantos q están haciendo lo de la resolución, nos hace tardío para nosotros q estamos cotizando . Es una pena q nos coloquen en la misma bandera cuando tenemos trabajo y pagando impuestos pagando de todo nos veamos en la misma situación q el que llegó hace unos meses . No estoy discriminando. Pero si no fuera por las leyes de aquí q se te dice la empresa si no tiene vigente la documentación, no puedo hacer nada .Aqui no miran si es bueno trabajando si no dice los jefe la ley es la ley no puedo hacer nada . Tenían q tomar de tal fecha a fecha para esa resolución no afectarán a los q estamos hoy fijos y otros con contrato y no pueden trabajar por q no llega la resolución a tiempo antes q se vence, ni metiendo antes de tres meses;;Agosto
18-ago;abogadodeextranjeria;Instagram;Reel;https://www.instagram.com/abogadodeextranjeria/reel/DcMIm2dOB7r/;Como me comunico con ustedes;;Agosto
18-ago;abogadodeextranjeria;Instagram;Reel;https://www.instagram.com/abogadodeextranjeria/reel/DcMIm2dOB7r/;Hola, los que estamos trabajando y nuestra modificación está en trámite existe la posibilidad de que me terminen el contrato?;;Agosto
18-ago;abogadodeextranjeria;Instagram;Reel;https://www.instagram.com/abogadodeextranjeria/reel/DcMIm2dOB7r/;Hola quiero información tengo un mes de haber llegado a España cómo hago para sacarlo mi permiso de trabajo;;Agosto
18-ago;abogadodeextranjeria;Instagram;Reel;https://www.instagram.com/abogadodeextranjeria/reel/DcMIm2dOB7r/;Precio para hacer el trámite de la modificación de residencia por razones humanitaria ?;;Agosto
18-ago;abogadodeextranjeria;Instagram;Reel;https://www.instagram.com/abogadodeextranjeria/reel/DcMIm2dOB7r/;Que costo tiene gestionar el trámite con ustedes????;;Agosto
18-ago;abogadodeextranjeria;Instagram;Reel;https://www.instagram.com/abogadodeextranjeria/reel/DcMIm2dOB7r/;Hola . Por favor cuanto es el precio del tramite de cambio de residencia. Gracias;;Agosto
18-ago;abogadodeextranjeria;Instagram;Reel;https://www.instagram.com/abogadodeextranjeria/reel/DcMIm2dOB7r/;Hola cuanto cobras para la modificación es para tener idea a una familia de tres personas;;Agosto
18-ago;abogadodeextranjeria;Instagram;Reel;https://www.instagram.com/abogadodeextranjeria/reel/DcMIm2dOB7r/;Hola ya he hecho el trámite de la modificación pero estoy en espera de la resolución y no me renovaron contrato de trabajo por este motivo, le envié la hoja que dice que está trámite;;Agosto
18-ago;abogadodeextranjeria;Instagram;Reel;https://www.instagram.com/abogadodeextranjeria/reel/DcMIm2dOB7r/;Hola buenas tardes, cuanto cuesta el trámite de modificación gracias saludos;;Agosto
18-ago;abogadodeextranjeria;Instagram;Reel;https://www.instagram.com/abogadodeextranjeria/reel/DcMIm2dOB7r/;Cuál es el costo de la modificación?;;Agosto
18-ago;abogadodeextranjeria;Instagram;Reel;https://www.instagram.com/abogadodeextranjeria/reel/DcMIm2dOB7r/;Hola costo de la modificacion ?;;Agosto
18-ago;abogadodeextranjeria;Instagram;Reel;https://www.instagram.com/abogadodeextranjeria/reel/DcMIm2dOB7r/;Ya mi trámite de modificación ya está en extranjería antes de la caducidad y mi residencia humanitaria ya está vencida. Es normal estar así? Aún nada q me llega la resolución;;Agosto
18-ago;abogadodeextranjeria;Instagram;Reel;https://www.instagram.com/abogadodeextranjeria/reel/DcMIm2dOB7r/;Costo de renovación?;;Agosto
18-ago;abogadodeextranjeria;Instagram;Reel;https://www.instagram.com/abogadodeextranjeria/reel/DcMIm2dOB7r/;Hola buen dia, cuanto seria el costo del trámite para cambiar el estado de residencia por razones humanitarias a por razones de trabajo y cuenta ajena?;;Agosto
18-ago;abogadodeextranjeria;Instagram;Reel;https://www.instagram.com/abogadodeextranjeria/reel/DcMIm2dOB7r/;Soy venezolana se me vence en septiembre q precio cobran y en qué tiempo llega,❓❓ xfavor gracias;;Agosto
18-ago;abogadodeextranjeria;Instagram;Reel;https://www.instagram.com/abogadodeextranjeria/reel/DcMIm2dOB7r/;Me podrías decir que costos tiene ese trámite de modificación!;;Agosto
18-ago;abogadodeextranjeria;Instagram;Reel;https://www.instagram.com/abogadodeextranjeria/reel/DcMIm2dOB7r/;Cuánto el costo del proceso de modificación por favor;;Agosto
18-ago;abogadodeextranjeria;Instagram;Reel;https://www.instagram.com/abogadodeextranjeria/reel/DcMIm2dOB7r/;Soy venezolano. Hace un año solicité la nacionalidad española y aun no te.ngo respuesta en la página aparece en trámite. Sigo esperando o hay algún trámite que pueda hacer? Gracias;;Agosto
18-ago;abogadodeextranjeria;Instagram;Reel;https://www.instagram.com/abogadodeextranjeria/reel/DcMIm2dOB7r/;Como explico que realice la modificación porq supuestamente no se me iba a renovar mi residencia por razones humanitarias y adivinen que? Sorpresa ayer recibí una notificación de extranjeria donde ya yo tenia concedida la renovación de mi RH y claro ahora tengo que elegir entre una de las 2 😢😂 si me quedo con la renovación o continuo con mi modificación. 😶‍🌫️;;Agosto
18-ago;abogadodeextranjeria;Instagram;Reel;https://www.instagram.com/abogadodeextranjeria/reel/DcMIm2dOB7r/;Hola, mi residencia por razones humanitarias se venció el 28 de mayo del 2026, he estado reuniendo los recaudos para el cambio de tarjeta, si se me pasa el plazo de los 90 días para hacer el cambio ¿que sucede?;;Agosto
18-ago;abogadodeextranjeria;Instagram;Reel;https://www.instagram.com/abogadodeextranjeria/reel/DcMIm2dOB7r/;Pau saludos, tengo tarjeta roja pero entre en la regularización masiva gracias a Dios, en octubre es la renovación de mi tarjeta roja,. Debo asistir para poder obtener otra? Y no perder la. Residencia y permiso d e trabajo? Aun no llega la resolución de la regularización masiva. Sigo esperando con mis hijas;;Agosto
18-ago;abogadodeextranjeria;Instagram;Reel;https://www.instagram.com/abogadodeextranjeria/reel/DcMIm2dOB7r/;Se puede hacer la renovación del tie sin estar trabajando?;;Agosto
18-ago;abogadodeextranjeria;Instagram;Reel;https://www.instagram.com/abogadodeextranjeria/reel/DcMIm2dOB7r/;Y si tengo fecha de jura en diciembre pero se me vence el el TIE en septiembre como hago ese caso;;Agosto
18-ago;abogadodeextranjeria;Instagram;Reel;https://www.instagram.com/abogadodeextranjeria/reel/DcMIm2dOB7r/;Hola soy venezolana y renové mi tarjeta de residencia en junio es mi 2da tarjeta se me vence el otro año ahora que debería hacer ?;;Agosto
18-ago;abogadodeextranjeria;Instagram;Reel;https://www.instagram.com/abogadodeextranjeria/reel/DcMIm2dOB7r/;Y la tercera edad?;;Agosto
18-ago;abogadodeextranjeria;Instagram;Reel;https://www.instagram.com/abogadodeextranjeria/reel/DcMIm2dOB7r/;Hola cómo hago para tener una asesoría con Uds;;Agosto
18-ago;abogadodeextranjeria;Instagram;Reel;https://www.instagram.com/abogadodeextranjeria/reel/DcMIm2dOB7r/;Hola, tengo tarjeta roja y se me vence en mayo del año que viene ¿qué debo hacer?;;Agosto
18-ago;abogadodeextranjeria;Instagram;Reel;https://www.instagram.com/abogadodeextranjeria/reel/DcMIm2dOB7r/;Hola que tal? Me i teresa la informacion gracias;;Agosto
18-ago;abogadodeextranjeria;Instagram;Reel;https://www.instagram.com/abogadodeextranjeria/reel/DcMIm2dOB7r/;Me dieron la hoja blanca el 8 mayo del año en curso según esa hoja tengo permiso de trabajo el 8 de noviembre. Que debo hacer;;Agosto
18-ago;abogadodeextranjeria;Instagram;Reel;https://www.instagram.com/abogadodeextranjeria/reel/DcMIm2dOB7r/;Buenas tardes estimado Que pasa cuando solicite asilo Pero mi permiso de trabajo se activa ahora rn octubre, es decir , ese permiso es valido para trabajar los 3 meses q dura ???;;Agosto
18-ago;abogadodeextranjeria;Instagram;Reel;https://www.instagram.com/abogadodeextranjeria/reel/DcMIm2dOB7r/;Buenas tardes quería, hacerte una pregunta en marzo del año que viene van a venir mi hermana su esposo y mi sobrina, cómo podemos hacer para que mi sobrina pueda estudiar Veterinario;;Agosto
18-ago;abogadodeextranjeria;Instagram;Reel;https://www.instagram.com/abogadodeextranjeria/reel/DcMIm2dOB7r/;Hola cumplo la segunda residencia en diciembre como hago para pedir la nacionalidad;;Agosto
18-ago;abogadodeextranjeria;Instagram;Reel;https://www.instagram.com/abogadodeextranjeria/reel/DcMIm2dOB7r/;Hola que debo hacer para que ustedes me realicen la modificación;;Agosto
18-ago;abogadodeextranjeria;Instagram;Reel;https://www.instagram.com/abogadodeextranjeria/reel/DcMIm2dOB7r/;Los q pidieron protección internacional en enero del 2026 ? Q va pasar ?;;Agosto
18-ago;abogadodeextranjeria;Instagram;Reel;https://www.instagram.com/abogadodeextranjeria/reel/DcMIm2dOB7r/;cuantas trancas no sirven las copia, eso no eta mil requisitos para para certificación ciudadana ciudadana tengo 74 años pacientes oncología, e ido tres ves y los papeles no don los que dice, tengo el codigo de la casa de la moneda y no el centro de Madrid todos los dia atiende uno diferente ese calor en la calle 🥲;;Agosto
18-ago;abogadodeextranjeria;Instagram;Reel;https://www.instagram.com/abogadodeextranjeria/reel/DcMIm2dOB7r/;Hola se puede pedir asilo?;;Agosto
18-ago;abogadodeextranjeria;Instagram;Reel;https://www.instagram.com/abogadodeextranjeria/reel/DcMIm2dOB7r/;Y si ya tengo la autorización de residencia temporal por la regularización 2026, debo esperar que se acerque su caducidad qué es en abril 2027, para hacer esa modificación a los 4 años;;Agosto
18-ago;abogadodeextranjeria;Instagram;Reel;https://www.instagram.com/abogadodeextranjeria/reel/DcMIm2dOB7r/;Hola mi hija tiene residencia pero se le venció el 26 de julio y ya hizo la modificación! Pero aún no le han enviado respuesta de la modificación..cual es el siguiente paso?;;Agosto
18-ago;abogadodeextranjeria;Instagram;Reel;https://www.instagram.com/abogadodeextranjeria/reel/DcMIm2dOB7r/;Hola yo tengo un hijo que llegó en julio y es menor para darle la residencia tengo que esperar cambiar mi rrh;;Agosto
18-ago;abogadodeextranjeria;Instagram;Reel;https://www.instagram.com/abogadodeextranjeria/reel/DcMIm2dOB7r/;Cuanto se esta tardando el resultado de la modificación?;;Agosto
18-ago;abogadodeextranjeria;Instagram;Reel;https://www.instagram.com/abogadodeextranjeria/reel/DcMIm2dOB7r/;Hola tengo que a hora por modificación de residencia, tengo que rechazar mi solicitud de asilo?;;Agosto
18-ago;abogadodeextranjeria;Instagram;Reel;https://www.instagram.com/abogadodeextranjeria/reel/DcMIm2dOB7r/;Hola buenos días soy venezolano y llegué a España el 10 de febrero y solicité asilo y obviamente estoy en espera y vivo en Barcelona me gustaría que estudiarán mi caso soy militar retirado y esa fue mi razón por la cuál salí de manera obligada de mi pais, no tengo documentos que avalen o sustente mi situación solo pude traer mi carnet militar y no puedo regresar a mi pais porque al llegar a cualquier aeropuerto puedo ser detenido y bueno me gustaría saber cuál sería mi situación y cuanto me costaría, los honorarios;;Agosto
18-ago;abogadodeextranjeria;Instagram;Reel;https://www.instagram.com/abogadodeextranjeria/reel/DcMIm2dOB7r/;Costo de renovación?;;Agosto
18-ago;abogadodeextranjeria;Instagram;Reel;https://www.instagram.com/abogadodeextranjeria/reel/DcMIm2dOB7r/;Costos de hacer la renovación con ustedes?;;Agosto
18-ago;abogadodeextranjeria;Instagram;Reel;https://www.instagram.com/abogadodeextranjeria/reel/DcMIm2dOB7r/;Como me comunico con ustedes x favor;;Agosto
18-ago;abogadodeextranjeria;Instagram;Reel;https://www.instagram.com/abogadodeextranjeria/reel/DcMIm2dOB7r/;Hola buenas que precio tiene hacer el trámite?;;Agosto
18-ago;abogadodeextranjeria;Instagram;Reel;https://www.instagram.com/abogadodeextranjeria/reel/DcMIm2dOB7r/;Me gustaría saber cuanto cobran por hacer la modificación;;Agosto
18-ago;abogadodeextranjeria;Instagram;Reel;https://www.instagram.com/abogadodeextranjeria/reel/DcMIm2dOB7r/;Hola me puedes dar más información por favor?;;Agosto
18-ago;abogadodeextranjeria;Instagram;Reel;https://www.instagram.com/abogadodeextranjeria/reel/DcMIm2dOB7r/;Buenos días tengo mi tarjeta roja se me vence en noviembre,estoy en trámite de la regularización que debo hacer.ssludo;;Agosto
18-ago;abogadodeextranjeria;Instagram;Reel;https://www.instagram.com/abogadodeextranjeria/reel/DcMIm2dOB7r/;Una duda y a quien le toca sacar la nacionalidad ❓o con el cambio cuando se saca la nacionalidad ❓En diciembre cumplo los dos años de residencia humanitarias, mi hijo sigue el mismo camino que yo es menor de edad, solo que el en diciembre 2025 le pude sacar su residencia que sería su primer año 2026, si yo en diciembre después de ahí puedo sacar la nacionalidad mi hijo no o si❓cuanto me costaría realizar todo esto❓mi hijo y yo;;Agosto
18-ago;abogadodeextranjeria;Instagram;Reel;https://www.instagram.com/abogadodeextranjeria/reel/DcMIm2dOB7r/;Hola qué tal disculpa yo también hice lo mismo y mi tarjeta roja se vence horita en 28 de agosto pudiste solucionar que te dijieron disculpa;;Agosto
18-ago;abogadodeextranjeria;Instagram;Reel;https://www.instagram.com/abogadodeextranjeria/reel/DcMIm2dOB7r/;@yorgelislener no he podido solucionar además no he podido conseguir cita . Te comento una amiga me dijo que a ella le llegó ya la resolución favorable del proceso de regularización y me dijo que esperara hasta final del mes;;Agosto
18-ago;abogadodeextranjeria;Instagram;Reel;https://www.instagram.com/abogadodeextranjeria/reel/DcMIm2dOB7r/;Tengo targeta blanca se vence 01 /09 2026 y estoy en tramite en la regularización a espera de la resolución qué debo hacer;;Agosto
18-ago;abogadodeextranjeria;Instagram;Reel;https://www.instagram.com/abogadodeextranjeria/reel/DcMIm2dOB7r/;Hola buenos días yo tengo residencia legal mi hijo tiene 28 años y quiero traerlo a España le puedo dar algún tipo de residencia??;;Agosto
18-ago;abogadodeextranjeria;Instagram;Reel;https://www.instagram.com/abogadodeextranjeria/reel/DcMIm2dOB7r/;Tengo tarjeta roja es mi primera, estoy trabajando de manera legal y mi fecha de vencimiento de la misma es 18/03/2027... Que debo hacer....;;Agosto
18-ago;abogadodeextranjeria;Instagram;Reel;https://www.instagram.com/abogadodeextranjeria/reel/DcMIm2dOB7r/;Té hablo desde vzla mi hijo tiene tarjeta roja sé le vence en diciembre introdujo para la regularización en abril y aparece en trámite qué debe hacer;;Agosto
18-ago;abogadodeextranjeria;Instagram;Reel;https://www.instagram.com/abogadodeextranjeria/reel/DcMIm2dOB7r/;Cómo hago la modificación se me vence el NIE en septiembre;;Agosto
18-ago;abogadodeextranjeria;Instagram;Reel;https://www.instagram.com/abogadodeextranjeria/reel/DcMIm2dOB7r/;Hola el no poder regresar por los terremotos y vivir en ligar afectado puedo pedir arraigo?;;Agosto
18-ago;abogadodeextranjeria;Instagram;Reel;https://www.instagram.com/abogadodeextranjeria/reel/DcMIm2dOB7r/;Yo, soy hija de español, cuando metí mis documentos, para hacerme española, pero el pasaporte me lo dieron como residente permanente, ahora me toca renovar mi pasaporte se vence el 2027 .;;Agosto
18-ago;abogadodeextranjeria;Instagram;Reel;https://www.instagram.com/abogadodeextranjeria/reel/DcMIm2dOB7r/;Hola, podria darme mas información? Por favor.;;Agosto
18-ago;abogadodeextranjeria;Instagram;Reel;https://www.instagram.com/abogadodeextranjeria/reel/DcMIm2dOB7r/;Hola buenas, si ya mi hoja blanca se vence en unos días y ya opté por la regularización extraordinaria solo ya estoy a la espera de la resolución, puedo sacar mi tarjeta roja mientras me aprueban la residencia por la regularización??;;Agosto
18-ago;abogadodeextranjeria;Instagram;Reel;https://www.instagram.com/abogadodeextranjeria/reel/DcMIm2dOB7r/;Yo tengo una duda, tengo una hija de 6 años es colombiana que ya tiene más de un año con residencia, le puedo meter ya la nacionalidad española? Tengo esa duda enorme, y tengo otro hijo venezolano con 10 años y tiene el mismo tiempo de residencia;;Agosto
18-ago;abogadodeextranjeria;Instagram;Reel;https://www.instagram.com/abogadodeextranjeria/reel/DcMIm2dOB7r/;Yo modifique mi residencia por razones humanitaria y nada aun que me dicen algo,sale que está en trámite,según. Los que trabajan ahí están de vacaciones otros dicen que está colapsado...;;Agosto
18-ago;abogadodeextranjeria;Instagram;Reel;https://www.instagram.com/abogadodeextranjeria/reel/DcMIm2dOB7r/;Hola cuál es el valor de la nacionalidad;;Agosto
18-ago;abogadodeextranjeria;Instagram;Reel;https://www.instagram.com/abogadodeextranjeria/reel/DcMIm2dOB7r/;Es necesario estar en España o desde el exterior puedes hacerlo ?;;Agosto
18-ago;abogadodeextranjeria;Instagram;Reel;https://www.instagram.com/abogadodeextranjeria/reel/DcMIm2dOB7r/;Tengo Carta roja . Y Tengo en proceso la regularizacion que debo hacer !;;Agosto
18-ago;abogadodeextranjeria;Instagram;Reel;https://www.instagram.com/abogadodeextranjeria/reel/DcMIm2dOB7r/;Hola quiero una consulta es que yo pedí asilo con mi esposa y mi niña cómo hacemos;;Agosto
18-ago;abogadodeextranjeria;Instagram;Reel;https://www.instagram.com/abogadodeextranjeria/reel/DcMIm2dOB7r/;Hola cuales son los requisitos que hay que tener;;Agosto
18-ago;abogadodeextranjeria;Instagram;Reel;https://www.instagram.com/abogadodeextranjeria/reel/DcMIm2dOB7r/;Hola buenas noches soy venezolano , quisiera hacer la modificación de razones humanitarias a la nueva residencia de 4 años . Estoy en el plazo ya que precio tiene el trámite ?;;Agosto
18-ago;abogadodeextranjeria;Instagram;Reel;https://www.instagram.com/abogadodeextranjeria/reel/DcMIm2dOB7r/;Buenas noches. Qué pasa si solicité la nacionalidad este año? En abril. Mi residencia por razones humanitarias se vence en febrero.;;Agosto
18-ago;abogadodeextranjeria;Instagram;Reel;https://www.instagram.com/abogadodeextranjeria/reel/DcMIm2dOB7r/;Cómo hacen los que llegaron después de la regularización?;;Agosto
18-ago;abogadodeextranjeria;Instagram;Reel;https://www.instagram.com/abogadodeextranjeria/reel/DcMIm2dOB7r/;Muchas gracias Dr. Yo llegué el 21 de Mayo de este año 2026 y mi cita en la Policía fue el 9 de Junio dónde solicité Protección Internacional. Tengo una carta Blanca que se me activa mi permiso de trabajo el 9 de Diciembre. Que debo hacer por favor.;;Agosto
18-ago;abogadodeextranjeria;Instagram;Reel;https://www.instagram.com/abogadodeextranjeria/reel/DcMIm2dOB7r/;Hola, tengo la 2da tarjeta de residencia por razones humanitarias. ?Podría de una vez comenzar a tramitar la nacionalidad a parir del mes 10 de vigencia de esa 2da tarjeta ?.;;Agosto
18-ago;abogadodeextranjeria;Instagram;Reel;https://www.instagram.com/abogadodeextranjeria/reel/DcMIm2dOB7r/;Hola, buenas noches! A mí esposo le llegó la denegación al asilo y le han dado la humanitaria, y ya habíamos incluído los documentos de la regularización de abril. Ahora que hacemos, acepta lo que le llegó en carta o espera lo de la regularización???;;Agosto
18-ago;abogadodeextranjeria;Instagram;Reel;https://www.instagram.com/abogadodeextranjeria/reel/DcMIm2dOB7r/;Hola pao cual es el valor de la modificación ?;;Agosto
18-ago;abogadodeextranjeria;Instagram;Reel;https://www.instagram.com/abogadodeextranjeria/reel/DcMIm2dOB7r/;Y cuál es el monto que cobran para hacer el trámite con ustedes;;Agosto
18-ago;abogadodeextranjeria;Instagram;Reel;https://www.instagram.com/abogadodeextranjeria/reel/DcMIm2dOB7r/;Pregunta!! A mí mujer e hijo le dieron razones Humanitas, y a mí no, llegamos juntos e iniciamos el trámite juntos, existe la manera de presentar algún recurso para que se le otorgue el mismo estatus migratorio que a mí familia?;;Agosto
18-ago;abogadodeextranjeria;Instagram;Reel;https://www.instagram.com/abogadodeextranjeria/reel/DcMIm2dOB7r/;Meti razones humanitarias en febrero del 2024 mi primera tarjeta roja se vence en noviembre de este año aunque metí la regularización masiva y no me sale la resolución aún debo en este caso que haria?;;Agosto
18-ago;abogadodeextranjeria;Instagram;Reel;https://www.instagram.com/abogadodeextranjeria/reel/DcMIm2dOB7r/;Hola! Hice mi solicitud con la tarjeta de residencia por razones humanitaria, y entiendo que este proceso dura aproximadamente 1 año. Como afecta este cambio?;;Agosto
18-ago;abogadodeextranjeria;Instagram;Reel;https://www.instagram.com/abogadodeextranjeria/reel/DcMIm2dOB7r/;Cuanto cuesta el trámite para la modificación;;Agosto
18-ago;abogadodeextranjeria;Instagram;Reel;https://www.instagram.com/abogadodeextranjeria/reel/DcMIm2dOB7r/;Cuál es el costo de la modificación? Y con mi primera tarjeta de RH lo puedo hacer dos meses antes igualmente antes que se cumpla el año? Gracias;;Agosto
18-ago;abogadodeextranjeria;Instagram;Reel;https://www.instagram.com/abogadodeextranjeria/reel/DcMIm2dOB7r/;Que pasa con los mayores se edad que no trabajan por que están estudiando y viven y los mantienen sus padres.. como hacen para renovar de residencia en esos 5 meses;;Agosto
18-ago;abogadodeextranjeria;Instagram;Reel;https://www.instagram.com/abogadodeextranjeria/reel/DcMIm2dOB7r/;Hola!!! Estoy en trámites de nacionalidad y mi tarjeta de vence en marzo del 2027 sino me conceden nacionalidad hasta esa fecha que debo hacer? La nacionalidad se introdujo en abril!!! Gracias.;;Agosto
18-ago;abogadodeextranjeria;Instagram;Reel;https://www.instagram.com/abogadodeextranjeria/reel/DcMIm2dOB7r/;Hola buenas noches , mi segunda tarjeta se vence en noviembre . Me podrías dar información? Gracias;;Agosto
18-ago;abogadodeextranjeria;Instagram;Reel;https://www.instagram.com/abogadodeextranjeria/reel/DcMIm2dOB7r/;Hola, si aún tengo la@hoja blanca pero se venció este mes y no tengo la tarjeta roja, puedo aplicar para este trámite?;;Agosto
18-ago;abogadodeextranjeria;Instagram;Reel;https://www.instagram.com/abogadodeextranjeria/reel/DcMIm2dOB7r/;Cuánto sale el trámite con ustedes;;Agosto
18-ago;abogadodeextranjeria;Instagram;Reel;https://www.instagram.com/abogadodeextranjeria/reel/DcMIm2dOB7r/;Por que las empresas no quieren contratar con residencia vencida pero en tramite de modificación, aunque uno presente su resguardo de modificación te dicen que rsts vencida que se les dice en esa situación a la empresa gracias;;Agosto
18-ago;abogadodeextranjeria;Instagram;Reel;https://www.instagram.com/abogadodeextranjeria/reel/DcMIm2dOB7r/;El abogado dice como decía Carlos Andrés Pérez je je je #solo falta decir Manos a las obras;;Agosto
18-ago;abogadodeextranjeria;Instagram;Reel;https://www.instagram.com/abogadodeextranjeria/reel/DcMIm2dOB7r/;He realizado mi modificación de residencia por razones humanitarias, y me han solicitado el justificantes de la tasa 062 epigrafo 2.2 vivo en Bilbao y tengo la duda si debo hacer la del plataforma de Euskadi o la 790 de gobierno de España? Eso me lo pueden hacer ustedes y qué costo tendría?;;Agosto
18-ago;abogadodeextranjeria;Instagram;Reel;https://www.instagram.com/abogadodeextranjeria/reel/DcMIm2dOB7r/;Soy venezolano y tengo tarjeta 💳 roja 🍎 y no pude hacer lo de la regularización... Que puedo hacer para regularme???;;Agosto
18-ago;abogadodeextranjeria;Instagram;Reel;https://www.instagram.com/abogadodeextranjeria/reel/DcMIm2dOB7r/;Al final de todo este enredo a mí se me vende mi TIE en octubre y hasta ahora no tengo claro cuáles son las formas que tengo que pagar para hacer la modificacion por cuenta ajena, si alguien sabe y están seguros cuáles son por favor pasenmelas.;;Agosto
18-ago;abogadodeextranjeria;Instagram;Reel;https://www.instagram.com/abogadodeextranjeria/reel/DcMIm2dOB7r/;Buenas tarde. Yo misma hice mi modificación, pero la realicé 3 meses antes de la@fecha de vencimiento, ya la he renovado varias veces veces. Habrá algún inconveniente por haberla presentado 3 meses antes? Ahora estoy muy preocupada;;Agosto
18-ago;abogadodeextranjeria;Instagram;Reel;https://www.instagram.com/abogadodeextranjeria/reel/DcMIm2dOB7r/;Hola quisiera saber el costo? Y sin somos 2 adultos y un menor, se mete toda la documentación junta o hay que esperar a que se renueve la residencia a los padres para recién ahí iniciar el trámite del menor?;;Agosto
18-ago;abogadodeextranjeria;Instagram;Reel;https://www.instagram.com/abogadodeextranjeria/reel/DcMIm2dOB7r/;😂😂😂 Que se la su residencia por donde saben Y los venezolanos de 💩 que disfruten los 🐷 esos que votaron en contra del presidente Pedro que ese gobierno tanto nos ayudo Pa que todos estos votaran por los 🐷 del Pp y vox Pues a llorar a la lloreria ESA es la razón por la que retiraron la Residencia Humanitaria bye;;Agosto
18-ago;abogadodeextranjeria;Instagram;Reel;https://www.instagram.com/abogadodeextranjeria/reel/DcMIm2dOB7r/;Hola donde puedo tener una consulta.;;Agosto
18-ago;abogadodeextranjeria;Instagram;Reel;https://www.instagram.com/abogadodeextranjeria/reel/DcMIm2dOB7r/;No me queda claro lo de los requisitos para modificación que dice que han facilitado o minimizado los requisitos? Cuáles son entonces los requisitos ahora ?;;Agosto
18-ago;abogadodeextranjeria;Instagram;Reel;https://www.instagram.com/abogadodeextranjeria/reel/DcMIm2dOB7r/;Hola buenas tardes, costo de. La Modificación x RH?;;Agosto
18-ago;abogadodeextranjeria;Instagram;Reel;https://www.instagram.com/abogadodeextranjeria/reel/DcMIm2dOB7r/;Buenas noches abogado excelente,su explicación, ya está mi segunda residencia por razones humanitarias,se me vence 25 de noviembre,que precio cuesta el trámite para solicitar el cambio??? Gracias;;Agosto
18-ago;abogadodeextranjeria;Instagram;Reel;https://www.instagram.com/abogadodeextranjeria/reel/DcMIm2dOB7r/;No cuento con dinero para pagar tengo tres años continuos con residencia humanitaria tengo problemas de salud me han operado 2 veces por cáncer tengo 64 años como debo hacer si no he trabajado tengo carnet de discapacidad en mi país se me venció en junio 26;;Agosto
18-ago;abogadodeextranjeria;Instagram;Reel;https://www.instagram.com/abogadodeextranjeria/reel/DcMIm2dOB7r/;Hola buenas tardes, que ocurre si se me vence la tarjeta roja?;;Agosto
18-ago;abogadodeextranjeria;Instagram;Reel;https://www.instagram.com/abogadodeextranjeria/reel/DcMIm2dOB7r/;Holaaa tengo la carta blanca esta a punto de vencer estoy en la regularización ya pero aún estoy en trámite entonces mi pregunta es debo renovar la carta blanca para obtener la carta roja ???;;Agosto
18-ago;abogadodeextranjeria;Instagram;Reel;https://www.instagram.com/abogadodeextranjeria/reel/DcMIm2dOB7r/;Hola buenas y puedo presentar la modificación 1 mes antes del vencimiento?;;Agosto
18-ago;abogadodeextranjeria;Instagram;Reel;https://www.instagram.com/abogadodeextranjeria/reel/DcMIm2dOB7r/;Hola saludos yo entre en Mayo de este año pidiendo protección internacional y me gustaría defender mi caso y/o expediente como haría para una consulta con uds 🙌;;Agosto
18-ago;abogadodeextranjeria;Instagram;Reel;https://www.instagram.com/abogadodeextranjeria/reel/DcMIm2dOB7r/;Hola buenas tardes, una pregunta a mí se me vence mi tarjeta en enero como hago para modificar con ustedes?;;Agosto
18-ago;abogadodeextranjeria;Instagram;Reel;https://www.instagram.com/abogadodeextranjeria/reel/DcMIm2dOB7r/;Buenas tardes, queremos solicitar una cita para que vosotros llevéis el trámite de nacionalidad mía y de mi pareja;;Agosto
18-ago;abogadodeextranjeria;Instagram;Reel;https://www.instagram.com/abogadodeextranjeria/reel/DcMIm2dOB7r/;Buenas tardes, quisiera saber cual es el Item que se tiene que pagar para la toma de huellas para la nueva TIE en el formulario 790-012;;Agosto
18-ago;abogadodeextranjeria;Instagram;Reel;https://www.instagram.com/abogadodeextranjeria/reel/DcMIm2dOB7r/;Hola y que pasa con las personas que han solicitado Asilo, acudieron a la cita unos días antes de finalizar el plazo del 12 de junio.;;Agosto
18-ago;abogadodeextranjeria;Instagram;Reel;https://www.instagram.com/abogadodeextranjeria/reel/DcMIm2dOB7r/;Hola buenas tardes. Y los que tenemos tarjeta roja . que pasa cuando se vence ?;;Agosto
18-ago;abogadodeextranjeria;Instagram;Reel;https://www.instagram.com/abogadodeextranjeria/reel/DcMIm2dOB7r/;Con esta regularización ya podré viajar a cualquier país?;;Agosto
18-ago;abogadodeextranjeria;Instagram;Reel;https://www.instagram.com/abogadodeextranjeria/reel/DcMIm2dOB7r/;Hola, yo pedí protección internacional y obtuve mi hoja blanca el 10 de marzo, eso me perjudica más adelante? O me renovarán la hoja blanca a carta roja después? Dios mío qué preocupacion tengo;;Agosto
18-ago;abogadodeextranjeria;Instagram;Reel;https://www.instagram.com/abogadodeextranjeria/reel/DcMIm2dOB7r/;Hola, cuantos meses tardan para dar respuesta después de hacer el procedimiento?;;Agosto
17-ago;abogadodeextranjeria;Instagram;Reel;https://www.instagram.com/abogadodeextranjeria/reel/DcJmue6M6T7/;Hola, saludos . Recibí la admisión a tramites hacen un mes y medio, pero no me quieren contratar con dicho documento, que puedo hacer en este caso y por favor me puedes decir si esto me afecta a la hora de la renovación. Muchas gracias por sus vídeos, son de mucha ayuda para mi , un fuerte abrazo Dr.;;Agosto
17-ago;abogadodeextranjeria;Instagram;Reel;https://www.instagram.com/abogadodeextranjeria/reel/DcJmue6M6T7/;@keyesther07 inscríbase como demandante de empleo, para que más adelante no tenga problemas por no haber trabajado.;;Agosto
17-ago;abogadodeextranjeria;Instagram;Reel;https://www.instagram.com/abogadodeextranjeria/reel/DcJmue6M6T7/;Y los que tenemos tarjeta roja y presentamos el 1/05 y aún estamos en trámite ?;;Agosto
17-ago;abogadodeextranjeria;Instagram;Reel;https://www.instagram.com/abogadodeextranjeria/reel/DcJmue6M6T7/;Hola Pau , gracias por llevarnos nuestro proceso , te cuento , no nos quieren contratar , con la resolución , por qué nos piden la tarjeta física ,NIE, y por qué ya pasaron los tres meses de vigencia !!! 😢 Esto nos ocasiona, algún problema para que nos llegue el permiso , gracias;;Agosto
17-ago;abogadodeextranjeria;Instagram;Reel;https://www.instagram.com/abogadodeextranjeria/reel/DcJmue6M6T7/;Que si aceptan ese permiso y hay un documento que emitió el Gobierno donde aclara que no caduca el permiso de trabajo y residencia hasta que se resuelva. Yo conseguí trabajo 1 mes después. Tuve hasta una entrevista en una empresa , aunque no me contrataron. Hubo otra que si. Insiste , sigue buscando que si encontrarás;;Agosto
17-ago;abogadodeextranjeria;Instagram;Reel;https://www.instagram.com/abogadodeextranjeria/reel/DcJmue6M6T7/;Recibí la Admisión a Trámite hace un mes Pero aún no me ha llegado el NUSS, alguien sabe cómo puedo obtenerlo y si después podré sacar la Tarjeta Sanitaria física? Y el Certificado Digital? Muchas gracias;;Agosto
17-ago;abogadodeextranjeria;Instagram;Reel;https://www.instagram.com/abogadodeextranjeria/reel/DcJmue6M6T7/;@stefania.orozco_ puedes sacar cita en tesorería para sacar tanto el certificado digital como el nuss;;Agosto
17-ago;abogadodeextranjeria;Instagram;Reel;https://www.instagram.com/abogadodeextranjeria/reel/DcJmue6M6T7/;@lisbetharaj yo también tengo como dos mese con el nie y no me À llegado la carta y À los amigos mio que lo hicieron más tarde que yo ya le À llegado;;Agosto
17-ago;abogadodeextranjeria;Instagram;Reel;https://www.instagram.com/abogadodeextranjeria/reel/DcJmue6M6T7/;Podré sacar mi homologación de mi carnet de conducir con la@hoja de la resolución?;;Agosto
17-ago;abogadodeextranjeria;Instagram;Reel;https://www.instagram.com/abogadodeextranjeria/reel/DcJmue6M6T7/;@isabel_vera_110379 yo hice mi homologación con la tarjeta blanca después de los 6 meses, cuando se activó el permiso de trabajo.;;Agosto
17-ago;abogadodeextranjeria;Instagram;Reel;https://www.instagram.com/abogadodeextranjeria/reel/DcJmue6M6T7/;Buenas la modificación le tocaría mi hija con ustedes saco su trámite cuanto sería el costo de modificación. Gracias;;Agosto
17-ago;abogadodeextranjeria;Instagram;Reel;https://www.instagram.com/abogadodeextranjeria/reel/DcJmue6M6T7/;Todavía no me contratan porque aunque tenga mi proceso en trámite no tengo NIE físico nadie regula nada como convencemos a las empresas 😢😢😢😢;;Agosto
17-ago;abogadodeextranjeria;Instagram;Reel;https://www.instagram.com/abogadodeextranjeria/reel/DcJmue6M6T7/;Una consulta, se puede viajar con esta autorizazion?;;Agosto
17-ago;abogadodeextranjeria;Instagram;Reel;https://www.instagram.com/abogadodeextranjeria/reel/DcJmue6M6T7/;Pau!! Puedo homologar mi licencia de conducir con la hoja de admisión a trámite?;;Agosto
17-ago;abogadodeextranjeria;Instagram;Reel;https://www.instagram.com/abogadodeextranjeria/reel/DcJmue6M6T7/;Hola, deseo una información ya que estoy muy preocupada .A mi nieto no le consedieron la renovación de la tarjeta por tener antecedentes de hace poco por conducir sin en debido permiso de conducir.El ya tiene ocho años aquí pero vino renovando de año en año ,es venezolano hay alguna solucion para este caso.Agradesco su valiosa información para ponerme en contacto con Ud;;Agosto
17-ago;abogadodeextranjeria;Instagram;Reel;https://www.instagram.com/abogadodeextranjeria/reel/DcJmue6M6T7/;Buenas tardes, una pregunta. Que tan cierto es eso de que aunque no halla llegado la admisión a trámite ya tenemos permiso de residencia y trabajo hasta que salga la resolución definitiva, y si es así que documentos presenta uno en una empresa para buscar trabajo en mi caso que no me a llegado el documento de admisión a trámite;;Agosto
17-ago;abogadodeextranjeria;Instagram;Reel;https://www.instagram.com/abogadodeextranjeria/reel/DcJmue6M6T7/;Hola y en el caso de 67 y 70 años que no han podido conseguir empleo, porque no los quieren contratar como harán para poder renovar?. Ya tienen la admisión a trámite.;;Agosto
17-ago;abogadodeextranjeria;Instagram;Reel;https://www.instagram.com/abogadodeextranjeria/reel/DcJmue6M6T7/;He ido a tres entrevistas y apenas ven que estoy con el permiso admitido a trámite me descartan y ahora con esto de que cuenta desde el día que enviamos documentos estamos jodidos😢;;Agosto
17-ago;abogadodeextranjeria;Instagram;Reel;https://www.instagram.com/abogadodeextranjeria/reel/DcJmue6M6T7/;Eso me pasa ami en el banco me dijeron que solo podía hasta los 3meses que aparecía como permiso de trabajo no entiendo o me piden la tarjeta física;;Agosto
17-ago;abogadodeextranjeria;Instagram;Reel;https://www.instagram.com/abogadodeextranjeria/reel/DcJmue6M6T7/;@abogadodeextranjeria cómo trabajar si ni con el permiso temporal las empresas quieren contratar??;;Agosto
17-ago;abogadodeextranjeria;Instagram;Reel;https://www.instagram.com/abogadodeextranjeria/reel/DcJmue6M6T7/;Hola por favor cuando puedas has un video explicando cuántos meses hay que tener de cotización trabajando que es unos de los requisitos para terminar de completar el trámite de la regularización;;Agosto
17-ago;abogadodeextranjeria;Instagram;Reel;https://www.instagram.com/abogadodeextranjeria/reel/DcJmue6M6T7/;@abogadodeextranjeria. Es pregunta es muy importante. Por casualidad tienen alguna cantidad de cotización estomida?;;Agosto
17-ago;abogadodeextranjeria;Instagram;Reel;https://www.instagram.com/abogadodeextranjeria/reel/DcJmue6M6T7/;@baby.rey22 hay varios supuestos, cotizar 3 meses y tener contrato en vigor al modificar, cotizar 3 meses y darse de alta como demanda te de empleo, cotizar 9 meses y ser demandante de empleo, y si no has cumplido con los requisitos se debe demostrar el esfuerzo de integracion social con un informe de integración social. Este último es la esperanza para los que no coticen, pero los abogados no lo explican;;Agosto
17-ago;abogadodeextranjeria;Instagram;Reel;https://www.instagram.com/abogadodeextranjeria/reel/DcJmue6M6T7/;"En mi caso, recibí una resolución provisional que ya ha caducado. La solicitud figura como ""en trámite"" y, por este motivo, no puedo trabajar por contrato. Presenté la solicitud en abril, no sé cómo proceder y, con este tipo de resolución, no me contratarán. Ni siquiera puedo cotizar a la seguridad social.";;Agosto
17-ago;abogadodeextranjeria;Instagram;Reel;https://www.instagram.com/abogadodeextranjeria/reel/DcJmue6M6T7/;Pero si en este tiempo uno no se puede dar de alta con ninguna empresa para trabajar...por que no reciben la admisión al trámite...como vamos a renovar la segunda tarjeta???🔥🔥🔥;;Agosto
17-ago;abogadodeextranjeria;Instagram;Reel;https://www.instagram.com/abogadodeextranjeria/reel/DcJmue6M6T7/;"@abogadodeextranjeria el tema del trabajo sigue siendo un problema sin la TIE, muchas ofertas exigen el "" NIE físico "" Para trabajos simples como de limpieza y por períodos de un mes... Así está el patio";;Agosto
17-ago;abogadodeextranjeria;Instagram;Reel;https://www.instagram.com/abogadodeextranjeria/reel/DcJmue6M6T7/;A quienes tengan la admisión a trámite y no les den contrato con ese documento... Inscribanse en su comunidad como demandantes de empleo en la entidad correspondiente. Y tendrán un justificante como han estado en búsqueda al menos... Las preguntas: esto me servirá? Respuesta: no lo sé a ciencia cierta pero presumo que valdría como que no estás sin buscar... O para un amparo, no lo sé muy bien, sólo es una sugerencia.;;Agosto
17-ago;abogadodeextranjeria;Instagram;Reel;https://www.instagram.com/abogadodeextranjeria/reel/DcJmue6M6T7/;cómo hacer esto que tú díces...? algunos dos pasos para hacerlo? yo estoy todavía con mi expediente = en trámite (éste mes: Agosto es mi segundo a seguir esperando) y no sé si debo hacerlo... qué me aconsejas?;;Agosto
17-ago;abogadodeextranjeria;Instagram;Reel;https://www.instagram.com/abogadodeextranjeria/reel/DcJmue6M6T7/;@tristantutor usted es como ignorante no? Acaso estos abogados mueven extranjería? Ellos no son extranjería, son gente que ayuda a agilizar los trámites, la última palabra si rechaza o no es MIGRACIÓN;;Agosto
17-ago;abogadodeextranjeria;Instagram;Reel;https://www.instagram.com/abogadodeextranjeria/reel/DcJmue6M6T7/;@m_becerra_t que cosa no son garantizados?, los tiempos?, puede ser, pero de 15 dias a dos meses, nose, creo que es una locura.;;Agosto
17-ago;abogadodeextranjeria;Instagram;Reel;https://www.instagram.com/abogadodeextranjeria/reel/DcJmue6M6T7/;Gracias por la información 🙏 YO apenas me ha llegado el papel blanco, pero de una vez para pagar la tasa,si Mi pregunta puedo salir a mi país? Y cuanto tiempo? YO trabajo con un adulto mayor ya hace 2 Año;;Agosto
17-ago;abogadodeextranjeria;Instagram;Reel;https://www.instagram.com/abogadodeextranjeria/reel/DcJmue6M6T7/;Cuanto es el precio hacer la modificación yo tengo 4 años con tie se me vence en noviembre;;Agosto
17-ago;abogadodeextranjeria;Instagram;Reel;https://www.instagram.com/abogadodeextranjeria/reel/DcJmue6M6T7/;Como coño vamos a trabajar, hoy fui a una entrevista y no me contrataron,, por tener el permiso vencido. 😢😢😢;;Agosto
17-ago;abogadodeextranjeria;Instagram;Reel;https://www.instagram.com/abogadodeextranjeria/reel/DcJmue6M6T7/;Y cuanto tiempo dura el permiso;;Agosto
17-ago;abogadodeextranjeria;Instagram;Reel;https://www.instagram.com/abogadodeextranjeria/reel/DcJmue6M6T7/;Debes de pedirle a tu futuro empleador que su gestoría averigüe si te puede dar de alta o no. Lo que entiendo es que el permiso de trabajo de la regularización no vence hasta que te llegue una resolución en firme donde que denieguen la residencia.;;Agosto
17-ago;abogadodeextranjeria;Instagram;Reel;https://www.instagram.com/abogadodeextranjeria/reel/DcJmue6M6T7/;@juank0513 eso fue lo que yo entendí en uno de los videos de Pau hace como 1 mes .;;Agosto
17-ago;abogadodeextranjeria;Instagram;Reel;https://www.instagram.com/abogadodeextranjeria/reel/DcJmue6M6T7/;Hola Pau mi compañero y yo ya nos salió la admisión a trámite, pero sigue así, entonces hay que empezar a buscar empleo en dónde nos puedan hacer contrato, pero ahí está lo maluco que solo con eso no quieren contratar, entonces que se hace ahí y más por los tiempos como tú dices gracias 🫂;;Agosto
17-ago;abogadodeextranjeria;Instagram;Reel;https://www.instagram.com/abogadodeextranjeria/reel/DcJmue6M6T7/;@yeseniagonp1 Hola intenta buscar trabajo en la parte de hostelería es donde menos ponen problema. Cuando tengas el TIE ya podrías cambiar de perfil laboral. Éxitos 🙏🏽🙏🏽;;Agosto
17-ago;abogadodeextranjeria;Instagram;Reel;https://www.instagram.com/abogadodeextranjeria/reel/DcJmue6M6T7/;Hola Pau. Y que pasara con las personas que aún no han recibido ninguna notificación . Ejemplo la de mi marido la preséntate tu. Le llegó el número del NIE, pero aún no se ha podido cancelar la tasa. Y mi hijo era menor de edad cuando preséntaste su expediente, ahora es mayor de edad y no ha han dado ninguna respuesta. La angustia de no saber nada, es desesperante.;;Agosto
17-ago;abogadodeextranjeria;Instagram;Reel;https://www.instagram.com/abogadodeextranjeria/reel/DcJmue6M6T7/;Llevo 4 meses desde que los abogados metieron mi trámite y aún no recibo ni admisión a trámite ni resolución no me han dado nada que pasa ahí? Que puedo hacer ni a los abogados les notifican nada ni a mí ya estoy perdiendo la esperanza;;Agosto
17-ago;abogadodeextranjeria;Instagram;Reel;https://www.instagram.com/abogadodeextranjeria/reel/DcJmue6M6T7/;@abogadodeextranjeria pero no tengo con que pagar esa asesoría ya se me consumieron mucho dinero con la regularización y no he tenido ninguna respuesta de nada no puedo pagar más dinero en una ruleta rusa donde no sé a dónde vamos;;Agosto
17-ago;abogadodeextranjeria;Instagram;Reel;https://www.instagram.com/abogadodeextranjeria/reel/DcJmue6M6T7/;Cual es tu dirección de tu oficina para acercarme porque necesito tus servicios.;;Agosto
17-ago;abogadodeextranjeria;Instagram;Reel;https://www.instagram.com/abogadodeextranjeria/reel/DcJmue6M6T7/;Pero abogado a veces con solo la hoja blanca no dan el trabajo si no tienen el plástico del TIE entonces que tenemos que hacer si no dan trabajo????;;Agosto
17-ago;abogadodeextranjeria;Instagram;Reel;https://www.instagram.com/abogadodeextranjeria/reel/DcJmue6M6T7/;No sé en qué punto quedaría mi caso ya que solo me llegó el número del TIE y está pasando el tiempo y no tengo número de seguridad social y eh ido muchas veces perdiendo mi tiempo a muchas tesorerías y solo me dicen que el gobierno no me ha asignado nada y es congruente ya que necesito ese número de seguridad social para que me hagan contrato , estoy en la nada literal y el tiempo pasa;;Agosto
17-ago;abogadodeextranjeria;Instagram;Reel;https://www.instagram.com/abogadodeextranjeria/reel/DcJmue6M6T7/;@adrianajhc88 hola , disculpa la molestia pero con el permiso te refieres a la documentación donde sale tu número de nie que mandó el abogado ?;;Agosto
17-ago;abogadodeextranjeria;Instagram;Reel;https://www.instagram.com/abogadodeextranjeria/reel/DcJmue6M6T7/;Si con el documento donde te asignaron el nie, descarga la aplicación de certificado digital y solicítalo ahí con el número q te dan en la app vas y sacas una cita en la seguridad social para sacar el certificado digital y ya luego cuando lo tengas tu mismo puedes descargar el número de la seguridad social;;Agosto
17-ago;abogadodeextranjeria;Instagram;Reel;https://www.instagram.com/abogadodeextranjeria/reel/DcJmue6M6T7/;@adrianajhc88 cual es el certificado digital perdona;;Agosto
17-ago;abogadodeextranjeria;Instagram;Reel;https://www.instagram.com/abogadodeextranjeria/reel/DcJmue6M6T7/;@dignarodriguez2507 es una app donde puedes pedir la cita o gestionarlo directamente y allí te mandan a tesorería y tienes tú certificado digital así se llama la app certificado digital;;Agosto
17-ago;abogadodeextranjeria;Instagram;Reel;https://www.instagram.com/abogadodeextranjeria/reel/DcJmue6M6T7/;@adrianajhc88 hola buenas noches. Cual es la App? Es una M con una corona?;;Agosto
17-ago;abogadodeextranjeria;Instagram;Reel;https://www.instagram.com/abogadodeextranjeria/reel/DcJmue6M6T7/;Abogado, presente mi solicitud el 20 de abril, el 17 de mayo recibí la admisión a trámite pero no consigo trabajo. Las empresas me responden que no reciben el visto bueno del sistema al intentar cargar mis datos. Temo que por no recibir la resolución a tiempo no consiga un empleo que me genere seguridad social y me rechacen mi proxima renovación de residencia. Que hago ahi? Puedo yo mismo pagar mi seguridad social?;;Agosto
17-ago;abogadodeextranjeria;Instagram;Reel;https://www.instagram.com/abogadodeextranjeria/reel/DcJmue6M6T7/;No entiendo ósea quieres sacar tu número de seguridad social?;;Agosto
17-ago;abogadodeextranjeria;Instagram;Reel;https://www.instagram.com/abogadodeextranjeria/reel/DcJmue6M6T7/;@tatiana94gonzalez ¿como es esto? por favor;;Agosto
17-ago;abogadodeextranjeria;Instagram;Reel;https://www.instagram.com/abogadodeextranjeria/reel/DcJmue6M6T7/;Debes darte de alta en el sepe o en la agencia de empleo de tu comunidad, por si no alcanzas a cotizar el tiempo requerido te sirva para pedir renovación de la residencia, mi esposo también está del 20 de abril y le pasa igual, esperando, la suya es por la D21?;;Agosto
17-ago;abogadodeextranjeria;Instagram;Reel;https://www.instagram.com/abogadodeextranjeria/reel/DcJmue6M6T7/;@briggiths_ si, yo ya me di de alta como demandante de Empleo. Pero hay muchas personas que me dicen que para el estado lonque sirve es las cotizaciones.;;Agosto
17-ago;abogadodeextranjeria;Instagram;Reel;https://www.instagram.com/abogadodeextranjeria/reel/DcJmue6M6T7/;@iits.ivaaa noooo. Yo ya tengo número de seguridad social. Mi pregunta es que si ninguna empresa me contrata, puedo yo pagar mis cotizaciones de seguridad social?;;Agosto
17-ago;abogadodeextranjeria;Instagram;Reel;https://www.instagram.com/abogadodeextranjeria/reel/DcJmue6M6T7/;@bajando_almoro no es el tema que estoy citando aca. Me explico. Si no me contrata ninguna empresa no cotizo para renovar mi residencia por regularizacion.;;Agosto
17-ago;abogadodeextranjeria;Instagram;Reel;https://www.instagram.com/abogadodeextranjeria/reel/DcJmue6M6T7/;A mi aún no me llego ni siquiera la admisión a tramite, entro a mi portal para solicitar una llamada con ustedes y ni siquiera me llaman. No se si es solo a mí que no me dan prioridad como los demás clientes o que pero necesito que me llamen yo también pague para que se me ayude;;Agosto
17-ago;abogadodeextranjeria;Instagram;Reel;https://www.instagram.com/abogadodeextranjeria/reel/DcJmue6M6T7/;Buenos dias, como hago contacto con ustedes?;;Agosto
17-ago;abogadodeextranjeria;Instagram;Reel;https://www.instagram.com/abogadodeextranjeria/reel/DcJmue6M6T7/;Y los que son solicitantes de asilo ?;;Agosto
17-ago;abogadodeextranjeria;Instagram;Reel;https://www.instagram.com/abogadodeextranjeria/reel/DcJmue6M6T7/;Si estás realizando cursos de capacitación eso te ayuda para la renovación?;;Agosto
17-ago;abogadodeextranjeria;Instagram;Reel;https://www.instagram.com/abogadodeextranjeria/reel/DcJmue6M6T7/;Con el primer documento que nos dieron a algunos, que nos llego con el recibo para el pago de la tasa, ai y a muchas personas más, no nos han querido contratar que porq dice temporal 3 meses y las empresas dicen que nos contratan si tenemos la menos la cita para la huellas, que de puede hacer ahí para evitar tener inconvenientes para cuando tengamos que renovar?;;Agosto
17-ago;abogadodeextranjeria;Instagram;Reel;https://www.instagram.com/abogadodeextranjeria/reel/DcJmue6M6T7/;Pero el mensaje que nos mandas es que agendemos una cita, y para agendarla toca pagar, pagar solo por responder una pregunta que muchos tienen ahí?;;Agosto
17-ago;abogadodeextranjeria;Instagram;Reel;https://www.instagram.com/abogadodeextranjeria/reel/DcJmue6M6T7/;Pau y que requisitos se necesitan para solicitar la renovación si no me ha llegado la resolución?;;Agosto
17-ago;abogadodeextranjeria;Instagram;Reel;https://www.instagram.com/abogadodeextranjeria/reel/DcJmue6M6T7/;Muchas Gracias Pau tú información ha llegado en el mejor momento, muy clara y explícita, dos meses antes estaremos ya en contacto contigo y el despacho para seguir el proceso, aunq me preocupa mi hijo ya tiene su resolución con fecha mayo, aunq ahora en Agosto fue q consiguió su contrato de trabajo y no es por 49 horas sino x 20 aunq su empleador ha prometido en Noviembre ampliar las ahoras eso tiene alguna consecuencia para su renovación?? Le agradecería algún comentario, Gracias por siempre estar para nosotros Dios los bendiga siempre 🙏🙏;;Agosto
17-ago;abogadodeextranjeria;Instagram;Reel;https://www.instagram.com/abogadodeextranjeria/reel/DcJmue6M6T7/;@yenis.gil el lo explica en el video justo lo que está preguntando;;Agosto
17-ago;abogadodeextranjeria;Instagram;Reel;https://www.instagram.com/abogadodeextranjeria/reel/DcJmue6M6T7/;Hola, ¿qué pasa si hasta hoy, 18 agosto 2026, no me llega el Admitido a trámite? 😢😮;;Agosto
17-ago;abogadodeextranjeria;Instagram;Reel;https://www.instagram.com/abogadodeextranjeria/reel/DcJmue6M6T7/;La renovación en dado caso que se de tendrá algún coste adicional para que sigan llevando el caso?;;Agosto
17-ago;abogadodeextranjeria;Instagram;Reel;https://www.instagram.com/abogadodeextranjeria/reel/DcJmue6M6T7/;Yo aun estoy en tramite cuanto mas tengo que esperar;;Agosto
17-ago;abogadodeextranjeria;Instagram;Reel;https://www.instagram.com/abogadodeextranjeria/reel/DcJmue6M6T7/;Cómo puedo hacerlo para mí sobrina que está en Colombia para venir a España eso como se puede hacer por favor me puede ayudar;;Agosto
17-ago;abogadodeextranjeria;Instagram;Reel;https://www.instagram.com/abogadodeextranjeria/reel/DcJmue6M6T7/;Hola abogado, me podría decir que costo tendría este proceso de renovación con ustedes?? Gracias.;;Agosto
17-ago;abogadodeextranjeria;Instagram;Reel;https://www.instagram.com/abogadodeextranjeria/reel/DcJmue6M6T7/;Que pasa si aún no me llega la admisión del trámite … ya puedo trabajar así no haya sido admitida;;Agosto
17-ago;abogadodeextranjeria;Instagram;Reel;https://www.instagram.com/abogadodeextranjeria/reel/DcJmue6M6T7/;Una consulta a mi pareja ya le salio su Número de NIE. Como puede hacer para tener su seguro social;;Agosto
17-ago;abogadodeextranjeria;Instagram;Reel;https://www.instagram.com/abogadodeextranjeria/reel/DcJmue6M6T7/;Buenos días letrado... Mi expediente está en TRÁMITE aún... Yo estoy trabajando pero pero.. no tengo contrato.. no consigo un contrato... Que tengo que hacer???... Gracias;;Agosto
17-ago;abogadodeextranjeria;Instagram;Reel;https://www.instagram.com/abogadodeextranjeria/reel/DcJmue6M6T7/;@abogadodeextranjeria una pregunta si delora la tie(plastico) como hacemos para gestionas algumas cosas que requiere la TIE FICICA EN UN caso de que delore la cita para huellas mas de los tres meses el tiempo estimado para recibirla;;Agosto
17-ago;abogadodeextranjeria;Instagram;Reel;https://www.instagram.com/abogadodeextranjeria/reel/DcJmue6M6T7/;Quiero algunas información, como podría contactarme con ud;;Agosto
17-ago;abogadodeextranjeria;Instagram;Reel;https://www.instagram.com/abogadodeextranjeria/reel/DcJmue6M6T7/;"A mi me sigue saliendo ""en trámite "" no se cuando me los darán 😢";;Agosto
17-ago;abogadodeextranjeria;Instagram;Reel;https://www.instagram.com/abogadodeextranjeria/reel/DcJmue6M6T7/;Hola, entre día 20/abril con la regulación y hasta hora no recebi la admisión a a trámite, pero tengo número de NIE y número de la seguridad social. Eso solo llegará por carta en casa o puede llegar por correo electrónico? Porque tengo miedo de no llegar en casa.;;Agosto
17-ago;abogadodeextranjeria;Instagram;Reel;https://www.instagram.com/abogadodeextranjeria/reel/DcJmue6M6T7/;Hola, yo también recibí la resolución favorable y no consigo trabajo. Un señor me ofreció un contrato para cuidar de su esposa y yo tendría que pagar la Seguridad Social. Sin embargo, sería un contrato de 4 meses. Para quienes ya tienen la resolución favorable, ¿existe un período mínimo de contratación y un número mínimo de horas para poder hacer la renovación y obtener la residencia definitiva?»;;Agosto
17-ago;abogadodeextranjeria;Instagram;Reel;https://www.instagram.com/abogadodeextranjeria/reel/DcJmue6M6T7/;@luciliagomes6 que raro. Si recibiste la resolución favorable. Eso es más que suficiente para que te contraté. . ahora admisión a trámite ahí es que están jodiendo los empleadores. Aunque en el caso de mi sobrina al tiro la contrataron. Sin problema alguno con solo admisión a tramite;;Agosto
17-ago;abogadodeextranjeria;Instagram;Reel;https://www.instagram.com/abogadodeextranjeria/reel/DcJmue6M6T7/;Hola Pau, a mi hermana no le ha llegado la admisión de trámite y su tarjeta roja (de Venezuela) ya se le vence en septiembre y ella está trabajando, si no recibe esa admisión, no le van a renovar el contrato?;;Agosto
17-ago;abogadodeextranjeria;Instagram;Reel;https://www.instagram.com/abogadodeextranjeria/reel/DcJmue6M6T7/;@skimy10 que consiga fecha para renovar tarjeta roja, que no la deje vencer hasta que le llegue la admisión a trámite. Otro que llame la comisaría de policia donde solicitó el asilo a ver si tiene RESIDENCIA POR RAZONES HUMANITARIAS aprobada.;;Agosto
17-ago;abogadodeextranjeria;Instagram;Reel;https://www.instagram.com/abogadodeextranjeria/reel/DcJmue6M6T7/;Buenas noches abogado llevo 10 años aquí en España presente los papeles de regularización en abril me llegó el permiso de trabajo tengo 66 años no me quieren dar trabajo por mi edad he llevado 36 currículos a diferentes partes y no me llamaron ni para freganchin ni nada dime que puedo hacer soy una mujer prácticamente sola por favor me puedes responder y ayudar le dejo mi número de celular +34 698 312 503 le agradezco Dios me lo bendiga y cuide siempre gracias espero su respuesta soy colombina;;Agosto
17-ago;abogadodeextranjeria;Instagram;Reel;https://www.instagram.com/abogadodeextranjeria/reel/DcJmue6M6T7/;Buenas noches Pau . Gracias por tu colaboración en nuestros procesos . Tenemos los permisos temporales de residencia y trabajo pero no los aceptan para contratar, piden la tarjeta física. Mi hija y marido se han presentado y les dicen que cuando tengan la tarjeta física se presenten de nuevo. Igual pasa conmigo.;;Agosto
17-ago;abogadodeextranjeria;Instagram;Reel;https://www.instagram.com/abogadodeextranjeria/reel/DcJmue6M6T7/;Hola pregunta, entregué mis papeles la primer semana y ya me han dado mi numero de seguridad social y nie privisorio, pero mi resolucion sigue en tramite. Hasta cuando hay que esperar la resolución? Ya que cumolo 2 años aquí,en diciembre.;;Agosto
17-ago;abogadodeextranjeria;Instagram;Reel;https://www.instagram.com/abogadodeextranjeria/reel/DcJmue6M6T7/;Hola Dr. Cuanto tiempo se tarda el documento definitivo después de la admisión a trámite.?;;Agosto
17-ago;abogadodeextranjeria;Instagram;Reel;https://www.instagram.com/abogadodeextranjeria/reel/DcJmue6M6T7/;éste mes de Agosto en trámite y es mi segundo en seguir esperando, trabajo a lo negro en SEUR pero sé que al 3er mes pueden hacerme un contrato según la ley de trabajo aún estando en trámite, es cierto?... eso sí tengo trabajo hasta el otro año y esto me da esperanza de conseguir un contrato... qué opinais @abogadodeextranjeria;;Agosto
17-ago;abogadodeextranjeria;Instagram;Reel;https://www.instagram.com/abogadodeextranjeria/reel/DcJmue6M6T7/;Hola como me puedo comunicar contigo;;Agosto
17-ago;abogadodeextranjeria;Instagram;Reel;https://www.instagram.com/abogadodeextranjeria/reel/DcJmue6M6T7/;Dr. Me puede indicar como me puedo contactar con usted para recibí asesoría podría indicarme por i terno;;Agosto
17-ago;abogadodeextranjeria;Instagram;Reel;https://www.instagram.com/abogadodeextranjeria/reel/DcJmue6M6T7/;Hola, tengo una pregunta que aún no me ha resultado favorable. ¿Crees que podremos solicitar una prórroga de 4 años para febrero?;;Agosto
17-ago;abogadodeextranjeria;Instagram;Reel;https://www.instagram.com/abogadodeextranjeria/reel/DcJmue6M6T7/;Y los que no nos han querido contratar con ese documento?;;Agosto
17-ago;abogadodeextranjeria;Instagram;Reel;https://www.instagram.com/abogadodeextranjeria/reel/DcJmue6M6T7/;@dianelys2606 busca donde te contraten se puede a lo menos que trabaje por 3 meses;;Agosto
17-ago;abogadodeextranjeria;Instagram;Reel;https://www.instagram.com/abogadodeextranjeria/reel/DcJmue6M6T7/;@sara._rincon14 Sii en eso estoy, he tenido muchas entrevista y cuando ven el permiso temporal me dicen que no;;Agosto
17-ago;abogadodeextranjeria;Instagram;Reel;https://www.instagram.com/abogadodeextranjeria/reel/DcJmue6M6T7/;@dianelys2606 preciosa me tocó de interna y a otros los AN cogido con el permiso esq la empresa no lee bien el documento que es Alós tres meces nos daban la resolución definitiva en los ayuntamientos en la Comisiones obrera allí reciben con ese documento;;Agosto
17-ago;abogadodeextranjeria;Instagram;Reel;https://www.instagram.com/abogadodeextranjeria/reel/DcJmue6M6T7/;@dianelys2606 vaya al ayuntamiento en comisiones obreras dice que necesita buscar trabajo que tienes el permiso como nos salió ala mayoría y allí te ayudan a conseguir;;Agosto
17-ago;abogadodeextranjeria;Instagram;Reel;https://www.instagram.com/abogadodeextranjeria/reel/DcJmue6M6T7/;Cómo se cotiza en la seguridad social que es lo que piden para poder seguir con el trámite si no te dan empleo por no tener permiso de trabajo o por cualquier razón que se les antoje;;Agosto
17-ago;abogadodeextranjeria;Instagram;Reel;https://www.instagram.com/abogadodeextranjeria/reel/DcJmue6M6T7/;@abogadodeextranjeria excelente contenido… ayuda mucho a nosotros los migrantes… una consulta como podemos canjear la licencia si no nos emiten la TIE.;;Agosto
17-ago;abogadodeextranjeria;Instagram;Reel;https://www.instagram.com/abogadodeextranjeria/reel/DcJmue6M6T7/;Gracias por la información. Hago una pregunta . La primera respuesta que me dieron de la regularización fue el permiso de trabajo, seguridad social, NIE. PERO quedo un apellido mio mal escrito y se realizo una petición de corrección a la cual a un no tengo respuesta. ¿que problemas se pueden generar?;;Agosto
17-ago;abogadodeextranjeria;Instagram;Reel;https://www.instagram.com/abogadodeextranjeria/reel/DcJmue6M6T7/;Hola tengo un año trabajando By me ha llegado denegación de asilo solicité el 9 de mayo pero aún sigo en trámite . Puedo seguir trabajando?;;Agosto
17-ago;abogadodeextranjeria;Instagram;Reel;https://www.instagram.com/abogadodeextranjeria/reel/DcJmue6M6T7/;Existen abogados que dicen que para el permiso d residencia y trabajo desde una estancia por visado de de estudio se necesita un contrato de 40 h es cierto o se puede presentar un contrato de menos horas?;;Agosto
17-ago;abogadodeextranjeria;Instagram;Reel;https://www.instagram.com/abogadodeextranjeria/reel/DcJmue6M6T7/;Como no desesperarme si en febrero de 2027 vence mi carnet de conducir de Perú y piden tie para canjearlo;;Agosto
17-ago;abogadodeextranjeria;Instagram;Reel;https://www.instagram.com/abogadodeextranjeria/reel/DcJmue6M6T7/;Hola, para la renovación también se puede dar con un contrato de 18 horas?;;Agosto
17-ago;abogadodeextranjeria;Instagram;Reel;https://www.instagram.com/abogadodeextranjeria/reel/DcJmue6M6T7/;Hola pao, en el caso mío yo tengp 2 semanas que presenté con Uds todos mis documentos del cambio de razones humanitarias a cuenta ajena y me preocupa que no me vaya a llegar ese cambio pronto por el día 7 de este mes se me ha vencido mi primera residencia , se que debo esperar pero estaría dando respuesta para cuanto tiempo, ando vencido y aquí en mi trabajo ya me dijeron que debo ponerme al día con eso y yo le dije que dependía de extranjeria;;Agosto
17-ago;abogadodeextranjeria;Instagram;Reel;https://www.instagram.com/abogadodeextranjeria/reel/DcJmue6M6T7/;Se puede viajar al país de origen con la residencia de 1 año ? Gracias abogado;;Agosto
17-ago;abogadodeextranjeria;Instagram;Reel;https://www.instagram.com/abogadodeextranjeria/reel/DcJmue6M6T7/;Se esperan nuevas regularizaciones masivas en los próximos años?;;Agosto
17-ago;abogadodeextranjeria;Instagram;Reel;https://www.instagram.com/abogadodeextranjeria/reel/DcJmue6M6T7/;Hola abogado .yo me traje a mi madre hace un mes se puede hacer algo ?;;Agosto
17-ago;abogadodeextranjeria;Instagram;Reel;https://www.instagram.com/abogadodeextranjeria/reel/DcJmue6M6T7/;Es solo para que los que ya tuvieron la primera resolución o “nuevas personas “ podrías acceder ?;;Agosto
17-ago;abogadodeextranjeria;Instagram;Reel;https://www.instagram.com/abogadodeextranjeria/reel/DcJmue6M6T7/;Hola Pau buenas noches ,me.podrias decir si las horas de trabajo tienen que ser las 20 horas de medio jornada o puede ser menos ,yo pasé mi documentación con contrato de media jornada pero después de tres meses me la bajaron 15 horas semanales,esto me afecta? O ala hora de renovar mi NIE tengo que cumplir las 20 horas;;Agosto
17-ago;abogadodeextranjeria;Instagram;Reel;https://www.instagram.com/abogadodeextranjeria/reel/DcJmue6M6T7/;Pero finalmente cuanto es lo mínimo para cotizar a 4 años;;Agosto
17-ago;abogadodeextranjeria;Instagram;Reel;https://www.instagram.com/abogadodeextranjeria/reel/DcJmue6M6T7/;Después de esos 4 años a partir de que tiempo podemos presentar la nacionalidad ?;;Agosto
17-ago;abogadodeextranjeria;Instagram;Reel;https://www.instagram.com/abogadodeextranjeria/reel/DcJmue6M6T7/;Pau. Buenas noches. Tengo una pregunta, el requisito para la renovación de residencia está sujeto al trabajo pero hay requisito de a cuantas horas está hecho el contrato ? O eso es irrelevante ?;;Agosto
17-ago;abogadodeextranjeria;Instagram;Reel;https://www.instagram.com/abogadodeextranjeria/reel/DcJmue6M6T7/;Entiendo que la categoría de autónomos también es considerada como una modalidad de trabajo que se tomará en cuenta para hacer la modificación. ¿Puede confirmarlo? Por favor, gracias.;;Agosto
17-ago;abogadodeextranjeria;Instagram;Reel;https://www.instagram.com/abogadodeextranjeria/reel/DcJmue6M6T7/;Pero el mensaje que nos mandas es que tenemos que agendar una cita y para agendarla hay que pagar, pagar solo para que pueda uno tener una respuesta a la pregunta que muchos tenemos?;;Agosto
17-ago;abogadodeextranjeria;Instagram;Reel;https://www.instagram.com/abogadodeextranjeria/reel/DcJmue6M6T7/;la tarjeta roja se vence en septiembre debo renovarlo ? yo metí mis documentos en la regularización extraordinaria en mayo;;Agosto
17-ago;abogadodeextranjeria;Instagram;Reel;https://www.instagram.com/abogadodeextranjeria/reel/DcJmue6M6T7/;Para la gente que es autónoma que observa extranjería;;Agosto
17-ago;abogadodeextranjeria;Instagram;Reel;https://www.instagram.com/abogadodeextranjeria/reel/DcJmue6M6T7/;Y como haría si necesito viajar doc;;Agosto
17-ago;abogadodeextranjeria;Instagram;Reel;https://www.instagram.com/abogadodeextranjeria/reel/DcJmue6M6T7/;Hola, hemos ejecutado 3 entrevista , e ingresado a iniciar un curso y definitivamente sin la TIE no es posible dar continuidad en los procesos, cual sería el Direccionamiento?;;Agosto
17-ago;abogadodeextranjeria;Instagram;Reel;https://www.instagram.com/abogadodeextranjeria/reel/DcJmue6M6T7/;A mi mamá le ha llegado la resolución, ella no está en edad laboral que debemos hacer para cuando tenga que renovar… cuál sería la vía que se debe seguir por favor.;;Agosto
17-ago;abogadodeextranjeria;Instagram;Reel;https://www.instagram.com/abogadodeextranjeria/reel/DcJmue6M6T7/;para las personas que están esperando el favorable y sacar el tie para poder hacer el canje de la licencia de conducir la persona pierde la oportunidad para poder hacer el canje..?;;Agosto
17-ago;abogadodeextranjeria;Instagram;Reel;https://www.instagram.com/abogadodeextranjeria/reel/DcJmue6M6T7/;Aja y so pasa el tiempo y no ha llegado ninguna resolución que pasa muchiiiiiiiisimo;;Agosto
17-ago;abogadodeextranjeria;Instagram;Reel;https://www.instagram.com/abogadodeextranjeria/reel/DcJmue6M6T7/;Y si no llega la resolución nunca?;;Agosto
17-ago;abogadodeextranjeria;Instagram;Reel;https://www.instagram.com/abogadodeextranjeria/reel/DcJmue6M6T7/;Y para los que llegaron después del proceso de la regularización? @abogadodeextranjeria;;Agosto
17-ago;abogadodeextranjeria;Instagram;Reel;https://www.instagram.com/abogadodeextranjeria/reel/DcJmue6M6T7/;Que tiempo debo seguir esperando para la devolución;;Agosto
17-ago;abogadodeextranjeria;Instagram;Reel;https://www.instagram.com/abogadodeextranjeria/reel/DcJmue6M6T7/;Y para salir y entrar a España? Cuándo se podrá?;;Agosto
17-ago;abogadodeextranjeria;Instagram;Reel;https://www.instagram.com/abogadodeextranjeria/reel/DcJmue6M6T7/;Osea...mi solicitud de regularización fue el 8 de mayo... hasta la fecha no he podido trabajar porque no cuento con el permiso...(Solo NIE)...y ¿Me j*di para cambiar el permiso el otro año?...(Lo presenté con abogada en Cataluña);;Agosto
17-ago;abogadodeextranjeria;Instagram;Reel;https://www.instagram.com/abogadodeextranjeria/reel/DcJmue6M6T7/;Hola Pau , llevamos ene proceso contigo pero tengo una pregunta en cuanto a la renovación para mi mamá , gracias;;Agosto
17-ago;abogadodeextranjeria;Instagram;Reel;https://www.instagram.com/abogadodeextranjeria/reel/DcJmue6M6T7/;Duda ! Si empiezo a cotizar desde septiembre al momento de volver a pasar documentación tienen en cuenta el tiempo q lleve ? Mi solicitud salió en mayo debo esperar a mayo para empezar con mi siguiente solicitud o puedo hacerlo desde febrero ?;;Agosto
17-ago;abogadodeextranjeria;Instagram;Reel;https://www.instagram.com/abogadodeextranjeria/reel/DcJmue6M6T7/;Gracias Pau .......sabes cuándo regresa Extranjería de Vacaciones en Barcelona?;;Agosto
17-ago;abogadodeextranjeria;Instagram;Reel;https://www.instagram.com/abogadodeextranjeria/reel/DcJmue6M6T7/;Yo tengo NIE PERO YA PERDÍ LA VIGENCIA, seme perdieron Lis papeles desde febrero y como estoy en tratamiento de cancer el médico me dio discapacidad y no pude trabajar por que la discapacidad la solicité hace un año y no ha salido;;Agosto
17-ago;abogadodeextranjeria;Instagram;Reel;https://www.instagram.com/abogadodeextranjeria/reel/DcJmue6M6T7/;"Yo estoy esperando la resolución de mí expediente de regularización por familiar de español. El tema es que mí caso es de ""abuela de menores españoles"" que es de los casos nuevos. Yo vine a cuidar de ellos y apoyar a mí hija que es la madre y única cuidadora a cargo. No puedo trabajar. Que hago?";;Agosto
17-ago;abogadodeextranjeria;Instagram;Reel;https://www.instagram.com/abogadodeextranjeria/reel/DcJmue6M6T7/;Cuantas horas me deben cotizar ?;;Agosto
17-ago;abogadodeextranjeria;Instagram;Reel;https://www.instagram.com/abogadodeextranjeria/reel/DcJmue6M6T7/;No entiendo nada!! Todos dicen cosas diferentes, ya no se sabe que hacer, que esperar, que sigue 😞;;Agosto
17-ago;abogadodeextranjeria;Instagram;Reel;https://www.instagram.com/abogadodeextranjeria/reel/DcJmue6M6T7/;Pero la tie es la que nos autoriza a salir ?;;Agosto
17-ago;abogadodeextranjeria;Instagram;Reel;https://www.instagram.com/abogadodeextranjeria/reel/DcJmue6M6T7/;Y para las personas como mi madre que tiene 74 años tiene que trabajar o como pensionada se lo dan normal la modificación;;Agosto
17-ago;abogadodeextranjeria;Instagram;Reel;https://www.instagram.com/abogadodeextranjeria/reel/DcJmue6M6T7/;Para las personas que quieran salir del país que pasará en ese caso?. Gracias;;Agosto
17-ago;abogadodeextranjeria;Instagram;Reel;https://www.instagram.com/abogadodeextranjeria/reel/DcJmue6M6T7/;Hola! Llevo desde mayo esperando una respuesta y aún no dicen nada. Que está pasando?;;Agosto
17-ago;abogadodeextranjeria;Instagram;Reel;https://www.instagram.com/abogadodeextranjeria/reel/DcJmue6M6T7/;Hola @abogadodeextranjeria si tengo contrato de hogar solo por 20 horas, debería extenderlo a 40 horas para que sea válido al momento de hacer la modificación? Gracias;;Agosto
17-ago;abogadodeextranjeria;Instagram;Reel;https://www.instagram.com/abogadodeextranjeria/reel/DcJmue6M6T7/;Y cuales son los requisitos?;;Agosto
17-ago;abogadodeextranjeria;Instagram;Reel;https://www.instagram.com/abogadodeextranjeria/reel/DcJmue6M6T7/;Bendiciones Pao , se puede viajar con ese permiso?;;Agosto
17-ago;abogadodeextranjeria;Instagram;Reel;https://www.instagram.com/abogadodeextranjeria/reel/DcJmue6M6T7/;Hubo un documento que en una publicación dijiste se debía diligenciar cuál era?;;Agosto
17-ago;abogadodeextranjeria;Instagram;Reel;https://www.instagram.com/abogadodeextranjeria/reel/DcJmue6M6T7/;Hubiesen dejado las cosas como estaban y ya está pura burocracia, no lo digo por ti pao lo digo por el sistema;;Agosto
17-ago;abogadodeextranjeria;Instagram;Reel;https://www.instagram.com/abogadodeextranjeria/reel/DcJmue6M6T7/;En el caso de darme de alta como autónomo, me serviría para la renovación? Por ahora solo tengo la admisión;;Agosto
17-ago;abogadodeextranjeria;Instagram;Reel;https://www.instagram.com/abogadodeextranjeria/reel/DcJmue6M6T7/;Yo después de tener esta podría cambiar a la residencia por hijo español??;;Agosto
17-ago;abogadodeextranjeria;Instagram;Reel;https://www.instagram.com/abogadodeextranjeria/reel/DcJmue6M6T7/;Pregunta, cuál es el tiempo que debo tener cotizado mínimo en la seguridad social para renovar, qué pasa si tengo un contrato de media jornada?;;Agosto
17-ago;abogadodeextranjeria;Instagram;Reel;https://www.instagram.com/abogadodeextranjeria/reel/DcJmue6M6T7/;Y los que pasamos la regularización pero estamos en proceso de asilo?? Si en dado caso pasa el tiempo y se acerca la fecha de renovación de tarjeta roja ahi que ???;;Agosto
17-ago;abogadodeextranjeria;Instagram;Reel;https://www.instagram.com/abogadodeextranjeria/reel/DcJmue6M6T7/;Hola quiero saber que pasa si no he podido encontrar trabajo el papel de la regularizacionl apenas me llego hace una semana y yo estado muy enferma y si no tengo un trabajo para cotizar entonces voy a perder el permiso de redidencia, por favor me puedes explicar;;Agosto
17-ago;abogadodeextranjeria;Instagram;Reel;https://www.instagram.com/abogadodeextranjeria/reel/DcJmue6M6T7/;4 años de residencia?.... y otros que llegaron por estancia estudios tambien darán 4 años?;;Agosto
17-ago;abogadodeextranjeria;Instagram;Reel;https://www.instagram.com/abogadodeextranjeria/reel/DcJmue6M6T7/;Como harán las personas que han entrado este año? Que debe hacer para poder quedarse regular aquí en España? @abogadodeextranjeria;;Agosto
17-ago;abogadodeextranjeria;Instagram;Reel;https://www.instagram.com/abogadodeextranjeria/reel/DcJmue6M6T7/;Puede ocurrir que se cumpla el año de haber presentado la solicitud y aún no se tenga resolución y que se haría en ese caso?;;Agosto
17-ago;abogadodeextranjeria;Instagram;Reel;https://www.instagram.com/abogadodeextranjeria/reel/DcJmue6M6T7/;@abogadodeextranjeria abogado con esa autorización puedo salir del espacio europeo ? O necesito si o si el TIE ?;;Agosto
17-ago;abogadodeextranjeria;Instagram;Reel;https://www.instagram.com/abogadodeextranjeria/reel/DcJmue6M6T7/;¡Hola! ¿El no haber estado inscrita como demandante de empleo durante tres meses afecta en algo en la renovación de mi permiso de residencia?;;Agosto
17-ago;abogadodeextranjeria;Instagram;Reel;https://www.instagram.com/abogadodeextranjeria/reel/DcJmue6M6T7/;¿Los contractos temporales de 15 días renovável sirven para regularización? @abogadodeextranjeria;;Agosto
17-ago;abogadodeextranjeria;Instagram;Reel;https://www.instagram.com/abogadodeextranjeria/reel/DcJmue6M6T7/;Hola! Al salir favorable aunque no se cuente con la TIE es posible salir de España?;;Agosto
17-ago;abogadodeextranjeria;Instagram;Reel;https://www.instagram.com/abogadodeextranjeria/reel/DcJmue6M6T7/;Ese es el punto crítico el empleo donde paguen seguridad social muchos están aguantados;;Agosto
17-ago;abogadodeextranjeria;Instagram;Reel;https://www.instagram.com/abogadodeextranjeria/reel/DcJmue6M6T7/;Pau, pero y que paso con los dos años para la nacionalidad después de tener la residencia? 😳😢🤔;;Agosto
17-ago;abogadodeextranjeria;Instagram;Reel;https://www.instagram.com/abogadodeextranjeria/reel/DcJmue6M6T7/;Qqq es tiee??;;Agosto
17-ago;abogadodeextranjeria;Instagram;Reel;https://www.instagram.com/abogadodeextranjeria/reel/DcJmue6M6T7/;Donde puedo contactar con ustedes;;Agosto
17-ago;abogadodeextranjeria;Instagram;Reel;https://www.instagram.com/abogadodeextranjeria/reel/DcJmue6M6T7/;Cuales son los requisitos para renovar para los 4 años? Aparte de la cotización? Y cuántos meses serían los que sirven para la renovación?;;Agosto
17-ago;abogadodeextranjeria;Instagram;Reel;https://www.instagram.com/abogadodeextranjeria/reel/DcJmue6M6T7/;A quien aqui le a llegado reapuesta de la resolucion alguien sabe cuando tardan en dar respuesta;;Agosto
17-ago;abogadodeextranjeria;Instagram;Reel;https://www.instagram.com/abogadodeextranjeria/reel/DcJmue6M6T7/;Y en caso de no conseguir trabajo por no tener la resolución favorable, que se hace? Creo que hay muchas personas en esta situación. Podría hacer un vídeo dando opciónes? Muchas gracias.;;Agosto
17-ago;abogadodeextranjeria;Instagram;Reel;https://www.instagram.com/abogadodeextranjeria/reel/DcJmue6M6T7/;Y con esa hoja de resolución puede salir del país y volver ?;;Agosto
17-ago;abogadodeextranjeria;Instagram;Reel;https://www.instagram.com/abogadodeextranjeria/reel/DcJmue6M6T7/;Hola Pau , buenas tardes quisiera que me asistas con mi proceso , cual sería los pasos a seguir gracias;;Agosto
17-ago;abogadodeextranjeria;Instagram;Reel;https://www.instagram.com/abogadodeextranjeria/reel/DcJmue6M6T7/;Hola. Yo hice la regularización el 9 de junio y aún no me llega ni siquiera para pagar la tasa. Que debo hacer?;;Agosto
17-ago;abogadodeextranjeria;Instagram;Reel;https://www.instagram.com/abogadodeextranjeria/reel/DcJmue6M6T7/;Pero para los que tenemos una resolución y aún no tenemos huellas o fotos que pasa?????;;Agosto
17-ago;abogadodeextranjeria;Instagram;Reel;https://www.instagram.com/abogadodeextranjeria/reel/DcJmue6M6T7/;Hola q tal yo presente la regularización el 28 d mayo ante del mes me llegó una notificación un sobre dónde explica todo y q ya podía trabajar y un sobre d la seguridad social y un mensaje con número d el mismo dónde ya estaba d alta, obvio q ya yo tenía contrato, a partir d allí q puedo hacer espero q me llegue la resolución, xq mi nie el carton rojo se caduca en febrero;;Agosto
17-ago;abogadodeextranjeria;Instagram;Reel;https://www.instagram.com/abogadodeextranjeria/reel/DcJmue6M6T7/;Hola, saludos. Hice el trámite con uds y me llegó hace tiempo mi permiso de trabajo pero quieren contratar con solo ese documento, que puedo hacer en ese caso, yo estoy de alta en el sae y he sacado el número de la seguridad social pero incluso con todo eso adelantado no me ha salido trabajo. muchas gracias por toda la información que das;;Agosto
17-ago;abogadodeextranjeria;Instagram;Reel;https://www.instagram.com/abogadodeextranjeria/reel/DcJmue6M6T7/;Es decir si cuando sale la resolución, solicito la tie, si ya se llegó al tiempo de 6 meses, muy posiblemente no me den la tarjeta tie, mientras tanto sigo sin posibilidad de hacer el auto escuela para sacar el carnet de conducir, ya que para hacerlo me exigen la TIE!!! WOW INCREÍBLE!!!;;Agosto
17-ago;abogadodeextranjeria;Instagram;Reel;https://www.instagram.com/abogadodeextranjeria/reel/DcJmue6M6T7/;La gran pregunta. Es que con la carta, No quieren dar trabajo, y así como vamos poder modificar;;Agosto
17-ago;abogadodeextranjeria;Instagram;Reel;https://www.instagram.com/abogadodeextranjeria/reel/DcJmue6M6T7/;O sea quien q no tenga el TIE igual puede modificar su permiso de residencia y trabajo de 1 año a 4 años? Será eso posible por q aquí para todo te ponen pegas si no tienes ese plástico;;Agosto
17-ago;abogadodeextranjeria;Instagram;Reel;https://www.instagram.com/abogadodeextranjeria/reel/DcJmue6M6T7/;Es super importante yo hice toda esta regularización con ustedes. La presentarón el 18 de mayo y no me han dado el favorable.. Quiero afiliarme como autonoma pero no me dejan porque no tengo el TIE y ahora que hago...;;Agosto
17-ago;abogadodeextranjeria;Instagram;Reel;https://www.instagram.com/abogadodeextranjeria/reel/DcJmue6M6T7/;El tema es que para muchos procesos o lo que quieras hacer te piden TIE físico, bancos etc;;Agosto
17-ago;abogadodeextranjeria;Instagram;Reel;https://www.instagram.com/abogadodeextranjeria/reel/DcJmue6M6T7/;Dios del cielo, alguien comprendió algo? De este laberinto?😮;;Agosto
17-ago;abogadodeextranjeria;Instagram;Reel;https://www.instagram.com/abogadodeextranjeria/reel/DcJmue6M6T7/;Mis padres han entrado en la regularización masivo con tu buffet. Si tenemos una pregunta puntual debemos pagar una cita nuevamente o por qué vía podría responderla. Gracias;;Agosto
17-ago;abogadodeextranjeria;Instagram;Reel;https://www.instagram.com/abogadodeextranjeria/reel/DcJmue6M6T7/;Buenas tardes nosotros somos una familia venezolana de cinco miembros y nos llegó que está en trámite,me llegó la seguridad social,pero la resolución no nos ha llegado que quedemos hacer;;Agosto
17-ago;abogadodeextranjeria;Instagram;Reel;https://www.instagram.com/abogadodeextranjeria/reel/DcJmue6M6T7/;Para eso con la documentación temporal que tenemos no encontramos trabajo que pasaría;;Agosto
17-ago;abogadodeextranjeria;Instagram;Reel;https://www.instagram.com/abogadodeextranjeria/reel/DcJmue6M6T7/;Y no podría viajar si no llegara a salir el TIE?;;Agosto
17-ago;abogadodeextranjeria;Instagram;Reel;https://www.instagram.com/abogadodeextranjeria/reel/DcJmue6M6T7/;Cuales serán los requisitos al cumplir un año?;;Agosto
17-ago;abogadodeextranjeria;Instagram;Reel;https://www.instagram.com/abogadodeextranjeria/reel/DcJmue6M6T7/;¿Si llega Abril 2027 y aún no han llegado las resoluciones del proceso extraordinario que ocurriría? Es muy probable que ocurra ese caso;;Agosto
17-ago;abogadodeextranjeria;Instagram;Reel;https://www.instagram.com/abogadodeextranjeria/reel/DcJmue6M6T7/;Yo aun no recibo la admisión a trámite como busco un trabajo?;;Agosto
17-ago;abogadodeextranjeria;Instagram;Reel;https://www.instagram.com/abogadodeextranjeria/reel/DcJmue6M6T7/;Para poder renovar es necesario tener cuantos meses de alta en la seguridad social??;;Agosto
17-ago;abogadodeextranjeria;Instagram;Reel;https://www.instagram.com/abogadodeextranjeria/reel/DcJmue6M6T7/;Cuanto se puede tardar la autorización de residencia y trabajo???;;Agosto
17-ago;abogadodeextranjeria;Instagram;Reel;https://www.instagram.com/abogadodeextranjeria/reel/DcJmue6M6T7/;dr una literal de nacimiento que te envían por correo del registro con el Código QR, me sirve para entregarlo en el consulado de España por lo de la Ley de Memoria Democratica?;;Agosto
17-ago;abogadodeextranjeria;Instagram;Reel;https://www.instagram.com/abogadodeextranjeria/reel/DcJmue6M6T7/;Pau, si no me llega la confirmación y aún no me dan la TIE puedo en diciembre ir a mi país natal ???;;Agosto
17-ago;abogadodeextranjeria;Instagram;Reel;https://www.instagram.com/abogadodeextranjeria/reel/DcJmue6M6T7/;Pao, me terminaron el contrato donde estaba, hace un mes estoy de paro , eso afecta en algo estar en paro? Mientras me contratan en otro lado ya que con ese documento para trabajar algunos sitios no lo aceptan ???;;Agosto
17-ago;abogadodeextranjeria;Instagram;Reel;https://www.instagram.com/abogadodeextranjeria/reel/DcJmue6M6T7/;Hola Pau! Yo presente mi regularización sin empadronamiento, es necesario presentarlo para la toma de huellas?;;Agosto
17-ago;abogadodeextranjeria;Instagram;Reel;https://www.instagram.com/abogadodeextranjeria/reel/DcJmue6M6T7/;Hola Pau , soy cliente de ustedes con la regularización extraordinaria, tengo una duda puntual sobre mi caso , para ello debo pagar una cita o puedo hacerles la consulta desde el portal cliente ?;;Agosto
17-ago;abogadodeextranjeria;Instagram;Reel;https://www.instagram.com/abogadodeextranjeria/reel/DcJmue6M6T7/;La mía me dice por tres meses ??;;Agosto
17-ago;abogadodeextranjeria;Instagram;Reel;https://www.instagram.com/abogadodeextranjeria/reel/DcJmue6M6T7/;Donde puedo contactar con ustede;;Agosto
17-ago;abogadodeextranjeria;Instagram;Reel;https://www.instagram.com/abogadodeextranjeria/reel/DcJmue6M6T7/;Y a los que no nos quieren contratar solo con la administración a tramite ? Todas las empresas me han rechazado 🥲;;Agosto
17-ago;abogadodeextranjeria;Instagram;Reel;https://www.instagram.com/abogadodeextranjeria/reel/DcJmue6M6T7/;Hay compañías que no te aceptan para trabajar sin el tie o plástico como por ejemplo de delivery que te exigen ese plástico para poder continuar con el proceso de admisión o inscripción entonces cuantos años habrá que pasar para recibir el plástico y dejar de trabajar en negro;;Agosto
17-ago;abogadodeextranjeria;Instagram;Reel;https://www.instagram.com/abogadodeextranjeria/reel/DcJmue6M6T7/;Muy bueno saber cómo son la leyes de España estoy empezando hacer los trámites se me complica por las leyes vamos paso a paso;;Agosto
17-ago;abogadodeextranjeria;Instagram;Reel;https://www.instagram.com/abogadodeextranjeria/reel/DcJmue6M6T7/;Después de pasado el 1er año de residencia bajo la modalidad de regularización, la siguiente renovación inmediata es por 4 años??;;Agosto
17-ago;abogadodeextranjeria;Instagram;Reel;https://www.instagram.com/abogadodeextranjeria/reel/DcJmue6M6T7/;Hola pau buenas tardes y que pasa con los niños;;Agosto
17-ago;abogadodeextranjeria;Instagram;Reel;https://www.instagram.com/abogadodeextranjeria/reel/DcJmue6M6T7/;Hola, me sirve un contrato de media jornada, 20 horas para la modificación?;;Agosto
17-ago;abogadodeextranjeria;Instagram;Reel;https://www.instagram.com/abogadodeextranjeria/reel/DcJmue6M6T7/;Hola me sirve un contrato de media jornada laboral ? O sea 20 horas? Ese es el que pudoe conseguir que me hicieran.... Las personas no quieren hacer contrato con la resolución a trámite;;Agosto
17-ago;abogadodeextranjeria;Instagram;Reel;https://www.instagram.com/abogadodeextranjeria/reel/DcJmue6M6T7/;Hola,entonces si yo lo presente el 24/04 2 meses antes de la misma fecha para el año que viene debo realizar nuevamente la renovación ??;;Agosto
17-ago;abogadodeextranjeria;Instagram;Reel;https://www.instagram.com/abogadodeextranjeria/reel/DcJmue6M6T7/;Hola, quería preguntar algo, yo hice mi proceso de regularización y ya tengo mi favorable☺️... El problema es que estoy estudiando en la universidad y no podré trabajar las 40 horas, de hecho no sé si podré trabajar los fines de semana..... Hay alguna otra forma para poder renovar mi residencia...;;Agosto
17-ago;abogadodeextranjeria;Instagram;Reel;https://www.instagram.com/abogadodeextranjeria/reel/DcJmue6M6T7/;pero a pasa con las personas q no nos has llegado ni la admisión a trámite? 😢;;Agosto
17-ago;abogadodeextranjeria;Instagram;Reel;https://www.instagram.com/abogadodeextranjeria/reel/DcJmue6M6T7/;Hola Pau una pregunta si no se llega a conseguir un contrato de trabajo puedes explicar si se puede pagar como autónomo algo como sería para obtener ese permiso de trabajo por cuatro años;;Agosto
17-ago;abogadodeextranjeria;Instagram;Reel;https://www.instagram.com/abogadodeextranjeria/reel/DcJmue6M6T7/;O sea que cuanto hay que esperar para la nacionalidad?;;Agosto
17-ago;abogadodeextranjeria;Instagram;Reel;https://www.instagram.com/abogadodeextranjeria/reel/DcJmue6M6T7/;Se puede modificar o renovar con un partime ?;;Agosto
17-ago;abogadodeextranjeria;Instagram;Reel;https://www.instagram.com/abogadodeextranjeria/reel/DcJmue6M6T7/;Es súper importante lo que dices ya que en mi caso y en otros con quienes he conversado con la admisión a trámite NO están contratado las empresas, piden la resolución favorable o en una empresa me dijeron que tiene que ser la TIE, o sea entre que me llega la resolución, tengo cita para huellas y me llega la TIE me dará la fecha de tener que modificar y no tendré ni tiempo para alcanzar a cotizar😢;;Agosto
17-ago;abogadodeextranjeria;Instagram;Reel;https://www.instagram.com/abogadodeextranjeria/reel/DcJmue6M6T7/;@abogadodeextranjeria lo de la seguridad social no les interesa ni siquiera lo preguntan, solo piden para firmar ya sea contrato mercantil o con nómina, la resolución en unas y la tie física en otras. Es decir, no se puede trabajar solo con la admisión a trámite como dijeron que sería. Al final el gobierno dijo una cosa y las empresas decidieron hacer otra.;;Agosto
17-ago;abogadodeextranjeria;Instagram;Reel;https://www.instagram.com/abogadodeextranjeria/reel/DcJmue6M6T7/;@jurydaza lo explicó justo en este mismo video, no importa el total de horas sino que estés cotizando;;Agosto
17-ago;abogadodeextranjeria;Instagram;Reel;https://www.instagram.com/abogadodeextranjeria/reel/DcJmue6M6T7/;Buenas tardes.. y cuando debo de pagar la tasa de huellas , por favor, me pueden orientar;;Agosto
17-ago;abogadodeextranjeria;Instagram;Reel;https://www.instagram.com/abogadodeextranjeria/reel/DcJmue6M6T7/;Pau Ventura a mi hijo le dice en tramite y tiene un Nie, que hay q hacer alli?? Yo metí los papeles de el contigo;;Agosto
17-ago;abogadodeextranjeria;Instagram;Reel;https://www.instagram.com/abogadodeextranjeria/reel/DcJmue6M6T7/;A mí hace como un mes, me llegó mi permiso de poder trabajar por la regularización masiva, pero he buscado trabajo aún no he conseguido me afectaría en algo para que me lo acepten;;Agosto
17-ago;abogadodeextranjeria;Instagram;Reel;https://www.instagram.com/abogadodeextranjeria/reel/DcJmue6M6T7/;Hola buenas tardes. Y como hacemos para abrir una cuenta. Nos piden el NIE en plastico. Para poder pagar la seguridad social;;Agosto
17-ago;abogadodeextranjeria;Instagram;Reel;https://www.instagram.com/abogadodeextranjeria/reel/DcJmue6M6T7/;@karlapavon077 si eso está pasando en mucha empresa Pero donde yo trabajo si lo están metiendo y muchos que ay;;Agosto
17-ago;abogadodeextranjeria;Instagram;Reel;https://www.instagram.com/abogadodeextranjeria/reel/DcJmue6M6T7/;Buen día, si yo tengo 2 meses y Medio como seria el proceso?;;Agosto
17-ago;abogadodeextranjeria;Instagram;Reel;https://www.instagram.com/abogadodeextranjeria/reel/DcJmue6M6T7/;Cómo se supone que uno trabaja sin permiso de trabajo?;;Agosto
17-ago;abogadodeextranjeria;Instagram;Reel;https://www.instagram.com/abogadodeextranjeria/reel/DcJmue6M6T7/;Hola Pau, y si mi proceso de regularización está en proceso y quiero hacer pareja de hecho q debo hacer? Gracias;;Agosto
17-ago;abogadodeextranjeria;Instagram;Reel;https://www.instagram.com/abogadodeextranjeria/reel/DcJmue6M6T7/;Hola Pau y si el favorable se tarda hasta que caduque la fecha en que se ingresó lo de la regularización? Que pasa ?;;Agosto
17-ago;abogadodeextranjeria;Instagram;Reel;https://www.instagram.com/abogadodeextranjeria/reel/DcJmue6M6T7/;Y si para esa fecha aún no está la resolución ? Se presenta de igual manera ? 👏;;Agosto
17-ago;abogadodeextranjeria;Instagram;Reel;https://www.instagram.com/abogadodeextranjeria/reel/DcJmue6M6T7/;Y que pasa si me sale el favorable pero no me dan la tie puedo viajar a mi país?;;Agosto
17-ago;abogadodeextranjeria;Instagram;Reel;https://www.instagram.com/abogadodeextranjeria/reel/DcJmue6M6T7/;Cuántos meses como mínimo se debe cotizar para renovar la residencia;;Agosto
17-ago;abogadodeextranjeria;Instagram;Reel;https://www.instagram.com/abogadodeextranjeria/reel/DcJmue6M6T7/;Cuánto ustedes cobran para realizar la renovación;;Agosto
17-ago;abogadodeextranjeria;Instagram;Reel;https://www.instagram.com/abogadodeextranjeria/reel/DcJmue6M6T7/;Hola pau ya tengo tres meses y no me ha llegado la admisión a trámite que puedo hacer;;Agosto
17-ago;abogadodeextranjeria;Instagram;Reel;https://www.instagram.com/abogadodeextranjeria/reel/DcJmue6M6T7/;Buenas tardes y que puedo hacer si teniendo la admisión a trámite y el permiso para trabajar y residir en España, no logro conseguir un empleo y acceder a un contrato de trabajo?;;Agosto
17-ago;abogadodeextranjeria;Instagram;Reel;https://www.instagram.com/abogadodeextranjeria/reel/DcJmue6M6T7/;Entonces puedo estar esperando 10 meses y al recibir solo le queden 2 meses de vigencia, por decirlo, es así? Estamos todos locos?;;Agosto
17-ago;abogadodeextranjeria;Instagram;Reel;https://www.instagram.com/abogadodeextranjeria/reel/DcJmue6M6T7/;Cuánto tardará la resolución ppr q llevo desde el 30 de abril y Nd, y así con el de admisión no contratan 🫩😮‍💨;;Agosto
17-ago;abogadodeextranjeria;Instagram;Reel;https://www.instagram.com/abogadodeextranjeria/reel/DcJmue6M6T7/;Buenos días es posible que ustedes miren los expedientes que no han recibido ninguna notificación que es lo qué pasa si falta por enviar o saber por que no llega ninguna respuesta ya que no sabemos nada del trámite por favor si puedes escribir y preguntar por esos expedientes que lo sabemos nada desde que ustedes radicaron los documentos ….por favor nos averigua algo mil gracias;;Agosto
17-ago;abogadodeextranjeria;Instagram;Reel;https://www.instagram.com/abogadodeextranjeria/reel/DcJmue6M6T7/;Pau pero hay. Un problema. Si a una persona le restan solo 6 meses. Como justificaría 9 meses De estar cotizando no cuadran los tiempos;;Agosto
17-ago;abogadodeextranjeria;Instagram;Reel;https://www.instagram.com/abogadodeextranjeria/reel/DcJmue6M6T7/;Con la resolución favorable se puede canjear el carnet de conducir?? Mi pregunta;;Agosto
17-ago;abogadodeextranjeria;Instagram;Reel;https://www.instagram.com/abogadodeextranjeria/reel/DcJmue6M6T7/;Puedes hablar de la PRÓRROGA porfa? Para los que en caso tal no pudieron conseguir trabajo y no pueden modificar;;Agosto
17-ago;abogadodeextranjeria;Instagram;Reel;https://www.instagram.com/abogadodeextranjeria/reel/DcJmue6M6T7/;Cuáles son los requisitos, si no han trabajo, para la renovación. Ya que muchas empresas no contratan por no tener el favoble .;;Agosto
17-ago;abogadodeextranjeria;Instagram;Reel;https://www.instagram.com/abogadodeextranjeria/reel/DcJmue6M6T7/;Como asiii doctor y a mi ni me ha llegado la administración a tramite y llevo 3 meses y medio del esperando y ya 3 empresas me han querido contratar y nada, aiuuudaaa 😢;;Agosto
17-ago;abogadodeextranjeria;Instagram;Reel;https://www.instagram.com/abogadodeextranjeria/reel/DcJmue6M6T7/;Una pregunta buenas noches, ese proceso cuánto cuesta;;Agosto
17-ago;abogadodeextranjeria;Instagram;Reel;https://www.instagram.com/abogadodeextranjeria/reel/DcJmue6M6T7/;Pau, una consulta, en el caso de no tener la TIE, qué pasa si necesitamos salir de España, sirve la hoja de resolución de concesión de residencia para poder entrar a España de regreso?;;Agosto
17-ago;abogadodeextranjeria;Instagram;Reel;https://www.instagram.com/abogadodeextranjeria/reel/DcJmue6M6T7/;Con solo la administración a trámite es posible o tener un permiso de salida del país por razón excepcional demostrable? Gracias;;Agosto
17-ago;abogadodeextranjeria;Instagram;Reel;https://www.instagram.com/abogadodeextranjeria/reel/DcJmue6M6T7/;Si no han aprobados está menos vamos hablar de la otra no crees ?? Compañero;;Agosto
17-ago;abogadodeextranjeria;Instagram;Reel;https://www.instagram.com/abogadodeextranjeria/reel/DcJmue6M6T7/;@waleska8429 si obtuviste la nacionalidad cuando el era menor de edad si que se la puedes dar;;Agosto
17-ago;abogadodeextranjeria;Instagram;Reel;https://www.instagram.com/abogadodeextranjeria/reel/DcJmue6M6T7/;Gracias por responder. Pero no..la obtuve cuando el era mayor ya tiene 21 años;;Agosto
17-ago;abogadodeextranjeria;Instagram;Reel;https://www.instagram.com/abogadodeextranjeria/reel/DcJmue6M6T7/;Hola, buenas tardes, que pasa si solo tengo un contrato por 20 horas, me sirve para poder obtener la de 4 años ?, que requisitos se deben tener para no tener inconvenientes en el nuevo proceso ?;;Agosto
17-ago;abogadodeextranjeria;Instagram;Reel;https://www.instagram.com/abogadodeextranjeria/reel/DcJmue6M6T7/;Buenos días... Por favor una consulta sino alcance a presentar La solicitud de regularización que opción puedo tener actualmente que pueda gestionar con ustedes;;Agosto
17-ago;abogadodeextranjeria;Instagram;Reel;https://www.instagram.com/abogadodeextranjeria/reel/DcJmue6M6T7/;Hola si uno tiene ya el TIE, tiene que hacer el mismo proceso?;;Agosto
17-ago;abogadodeextranjeria;Instagram;Reel;https://www.instagram.com/abogadodeextranjeria/reel/DcJmue6M6T7/;Holaaa gusto en saludarte. Que pasa si estoy en el proceso de regularización y me llegó cita a la policía por lo de la protección internacional?;;Agosto
17-ago;abogadodeextranjeria;Instagram;Reel;https://www.instagram.com/abogadodeextranjeria/reel/DcJmue6M6T7/;Una pregunta , yo tenía petición de asilo como puedo renunciar a ello? Me genera algun problema si aún no he remitido?;;Agosto
17-ago;abogadodeextranjeria;Instagram;Reel;https://www.instagram.com/abogadodeextranjeria/reel/DcJmue6M6T7/;@margadugarte citabpara que? Renovar tarjeta roja o recién vas a solicitar asilo. Deberías explicarlo bien y así te podrán ayudar;;Agosto
17-ago;abogadodeextranjeria;Instagram;Reel;https://www.instagram.com/abogadodeextranjeria/reel/DcI7--yu9hn/;Hola Pau, quiero homologar mi título de bachiller y quiero saber si solo es apostillado el título o se necesita también el récord académico?;;Agosto
17-ago;abogadodeextranjeria;Instagram;Reel;https://www.instagram.com/abogadodeextranjeria/reel/DcI7--yu9hn/;Hola me gustaría ayudar a mi sobrino que quiere venir a estudiar aquí y homologar sus estudios aquí;;Agosto
17-ago;abogadodeextranjeria;Instagram;Reel;https://www.instagram.com/abogadodeextranjeria/reel/DcI7--yu9hn/;Hola! Hacen homologación de certificado de profesionalidad?;;Agosto
17-ago;abogadodeextranjeria;Instagram;Reel;https://www.instagram.com/abogadodeextranjeria/reel/DcI7--yu9hn/;Estoy en España ha espera del proceso de regularización soy licenciada en educación infantil. Cómo puedo homologar o convalidar mi título;;Agosto
17-ago;abogadodeextranjeria;Instagram;Reel;https://www.instagram.com/abogadodeextranjeria/reel/DcI7--yu9hn/;Tengo la misma carrera y acá en España pues esa carrera como tal no existe toca ver una equivalencia o hacer un máster para poder trabajar en ello 🥴;;Agosto
17-ago;abogadodeextranjeria;Instagram;Reel;https://www.instagram.com/abogadodeextranjeria/reel/DcI7--yu9hn/;@eevanessagomez Hola! Pero tú tienes una carrera profesional o solo un técnico o tecnólogo?;;Agosto
17-ago;abogadodeextranjeria;Instagram;Reel;https://www.instagram.com/abogadodeextranjeria/reel/DcI7--yu9hn/;Gracias soy electricista podría homologar mi título para ir a trabajar a España?;;Agosto
17-ago;abogadodeextranjeria;Instagram;Reel;https://www.instagram.com/abogadodeextranjeria/reel/DcI7--yu9hn/;Cuánto cuesta la renovación de la residencia primera ves me habían dado por arraigo laboral;;Agosto
17-ago;abogadodeextranjeria;Instagram;Reel;https://www.instagram.com/abogadodeextranjeria/reel/DcI7--yu9hn/;Buenas tardes y para la homologación del título de bachiller y notas certificadas? También piden el NIE o sólo el pasaporte? Gracias;;Agosto
17-ago;abogadodeextranjeria;Instagram;Reel;https://www.instagram.com/abogadodeextranjeria/reel/DcI7--yu9hn/;Hola! Quisiera iniciar el trámite de homologación de título que podrías hacer y cuál sería el costo de este trámite? Gracias;;Agosto
17-ago;abogadodeextranjeria;Instagram;Reel;https://www.instagram.com/abogadodeextranjeria/reel/DcI7--yu9hn/;Cuánto cuesta su ayuda?;;Agosto
17-ago;abogadodeextranjeria;Instagram;Reel;https://www.instagram.com/abogadodeextranjeria/reel/DcI7--yu9hn/;Hay alguna resolución que respalde esta información?;;Agosto
17-ago;abogadodeextranjeria;Instagram;Reel;https://www.instagram.com/abogadodeextranjeria/reel/DcI7--yu9hn/;Y cómo hago si ya ingresé el trámite hace 2 años con el pasaporte y aún no hay respuesta?;;Agosto
17-ago;abogadodeextranjeria;Instagram;Reel;https://www.instagram.com/abogadodeextranjeria/reel/DcI7--yu9hn/;Hola! Gracias por el dato, disculpa que costo tiene este proceso?;;Agosto
17-ago;abogadodeextranjeria;Instagram;Reel;https://www.instagram.com/abogadodeextranjeria/reel/DcI7--yu9hn/;Buenas. Cuanto cuesta el costo?;;Agosto
17-ago;abogadodeextranjeria;Instagram;Reel;https://www.instagram.com/abogadodeextranjeria/reel/DcI7--yu9hn/;Hola me puedes dar más información por favor?;;Agosto
17-ago;abogadodeextranjeria;Instagram;Reel;https://www.instagram.com/abogadodeextranjeria/reel/DcI7--yu9hn/;@luismiguel_calderon quizás fuiste tú, para homologar un simple bachillerato, me costó más de dos años, ya no te digo una profesión. Para que tengas un NIE deberás llevar al menos dos años en España de manera legal, sumale a eso dos años de espera para la homologación. Sigue de largo cuando veas comentarios que no entiendas, eso hago yo;;Agosto
17-ago;abogadodeextranjeria;Instagram;Reel;https://www.instagram.com/abogadodeextranjeria/reel/DcI7--yu9hn/;Hola buenos días cuanto vale la representación para homologar un título de enfermería;;Agosto
17-ago;abogadodeextranjeria;Instagram;Reel;https://www.instagram.com/abogadodeextranjeria/reel/DcI7--yu9hn/;Y DONDE QUEDA EL REAL DECRETO 889/2022. Que regula la homologación de títulos extranjeros en su artículo 13.1a. Este artículo indica que debe aportarse documento que acredite la identidad del extranjero, nacionalidad expedida por autoridades competentes del extranjero. No indica que tenga que tener DNI, o NIE. Se estaría violado el principio de igualdad y no discriminación. Principio de legalidad, principio de proporcionalidad. Artículo 14 de la constitución española. Ley 39/ 2015. Convención Americana de Derechos Humanos, art 1.1, 24,25. Es importante revisar este criterio.;;Agosto
17-ago;abogadodeextranjeria;Instagram;Reel;https://www.instagram.com/abogadodeextranjeria/reel/DcI7--yu9hn/;Soy solicitante de asilo del 2024 y en octubre del 2025 me dieron la resolución negando el asilo pero otorgando las razones humanitarias y como no supe nada no me enteré en abril del 2026 apliqué a la regularización masiva tengo admisión a trámite pero no me llega la resolución. Entonces que debo hacer ? Esperar la resolución de la regularización o debo usar la resolución de razones humanitarias? No tengo Tie;;Agosto
17-ago;abogadodeextranjeria;Instagram;Reel;https://www.instagram.com/abogadodeextranjeria/reel/DcI7--yu9hn/;En el 2022 hice mi trámite sola con número de pasaporte para la homologación de fisioterapia y en febrero de este año salió mi homologación favorable. Una lástima que estén colocando tanto obstáculo para hacerlo ya que hay gente que no cuenta con los recursos de dínero para pagar;;Agosto
17-ago;abogadodeextranjeria;Instagram;Reel;https://www.instagram.com/abogadodeextranjeria/reel/DcI7--yu9hn/;@fernanda_rojarias WOW el trámite tuyo demoro 4 años para ya tener tu homologación? Quiere decir que me toca ya mismo hacer mi trámite porque si es medio demorado 😮;;Agosto
17-ago;abogadodeextranjeria;Instagram;Reel;https://www.instagram.com/abogadodeextranjeria/reel/DcI7--yu9hn/;@fernanda_rojarias se te demoró 4 años ?;;Agosto
17-ago;abogadodeextranjeria;Instagram;Reel;https://www.instagram.com/abogadodeextranjeria/reel/DcI7--yu9hn/;@fernanda_rojarias 4 años esperaste??? Yo llevo 1 y medio y no me responden tampoco;;Agosto
17-ago;abogadodeextranjeria;Instagram;Reel;https://www.instagram.com/abogadodeextranjeria/reel/DcI7--yu9hn/;España@con poca mano de obra, con tantas personas de tercera edad y con mil obstáculos para el migrante que solo viene a trabajar. Que estrés;;Agosto
17-ago;abogadodeextranjeria;Instagram;Reel;https://www.instagram.com/abogadodeextranjeria/reel/DcI7--yu9hn/;Hola quiero homologar mi título sola, solo tengo pasaporte y permiso de la regularización, que debo hacer;;Agosto
17-ago;abogadodeextranjeria;Instagram;Reel;https://www.instagram.com/abogadodeextranjeria/reel/DcI7--yu9hn/;Me gustaría tener más información sobre la posibilidad de homologar. Como puedo obtenerla?;;Agosto
17-ago;abogadodeextranjeria;Instagram;Reel;https://www.instagram.com/abogadodeextranjeria/reel/DcI7--yu9hn/;Costo del servicio?;;Agosto
17-ago;abogadodeextranjeria;Instagram;Reel;https://www.instagram.com/abogadodeextranjeria/reel/DcI7--yu9hn/;Me envías información de cuánto sería homologar mi título de bachiller?;;Agosto
17-ago;abogadodeextranjeria;Instagram;Reel;https://www.instagram.com/abogadodeextranjeria/reel/DcI7--yu9hn/;Paul buenos dias deseo poderme comunicar con usted por favor informarme cómo lo puedo hacer;;Agosto
17-ago;abogadodeextranjeria;Instagram;Reel;https://www.instagram.com/abogadodeextranjeria/reel/DcI7--yu9hn/;¿Cuál es el costo del servicio?;;Agosto
17-ago;abogadodeextranjeria;Instagram;Reel;https://www.instagram.com/abogadodeextranjeria/reel/DcI7--yu9hn/;Cual es costo del servicio?;;Agosto
17-ago;abogadodeextranjeria;Instagram;Reel;https://www.instagram.com/abogadodeextranjeria/reel/DcI7--yu9hn/;ya no se pueden homologar título de universidad pero el de bachillerato sí.. o tampoco ambos no se pueden homologar?;;Agosto
17-ago;abogadodeextranjeria;Instagram;Reel;https://www.instagram.com/abogadodeextranjeria/reel/DcI7--yu9hn/;Los q ya iniciamos el trámite con pasaporte! Q recomendaciones nos da?;;Agosto
17-ago;abogadodeextranjeria;Instagram;Reel;https://www.instagram.com/abogadodeextranjeria/reel/DcI7--yu9hn/;Hola buenas tardes quiero hacer una cita con ustedes pero no e podido cómo puedo hacerlo para realizar mi homologación;;Agosto
17-ago;abogadodeextranjeria;Instagram;Reel;https://www.instagram.com/abogadodeextranjeria/reel/DcI7--yu9hn/;Buenas!! Quisiera iniciar el trámite de homologación, que debo hacer y cuál es el valor? Gracias @abogadodeextranjeria;;Agosto
17-ago;abogadodeextranjeria;Instagram;Reel;https://www.instagram.com/abogadodeextranjeria/reel/DcI7--yu9hn/;Buenas se puede hacer el canje del carnet de conducir con la admisión a trámite y/o con la resolución favorable??;;Agosto
17-ago;abogadodeextranjeria;Instagram;Reel;https://www.instagram.com/abogadodeextranjeria/reel/DcI7--yu9hn/;Hola, gracias por la información. En cuanto a las equivalencias es igual?;;Agosto
17-ago;abogadodeextranjeria;Instagram;Reel;https://www.instagram.com/abogadodeextranjeria/reel/DcI7--yu9hn/;Y cuánto sería el coste de ese servicio?;;Agosto
17-ago;abogadodeextranjeria;Instagram;Reel;https://www.instagram.com/abogadodeextranjeria/reel/DcI7--yu9hn/;@abogadodeextranjeria ! Para homologar , que cuesta y que debo hacer ?;;Agosto
17-ago;abogadodeextranjeria;Instagram;Reel;https://www.instagram.com/abogadodeextranjeria/reel/DcI7--yu9hn/;Abogado yo ingrese con pasaporte esta en proceso, ud me puede ayudar para agilizar el trámite? Su trabajadora me dijo q no, pero ojalá me pueda responder ud y así me quedo con la certeza q no se puede hacer nada xomo me dijo ella;;Agosto
17-ago;abogadodeextranjeria;Instagram;Reel;https://www.instagram.com/abogadodeextranjeria/reel/DcI7--yu9hn/;Quiero más información ?;;Agosto
17-ago;abogadodeextranjeria;Instagram;Reel;https://www.instagram.com/abogadodeextranjeria/reel/DcI7--yu9hn/;Hola amigo buenos días soy electricista con certificación en mantenimiento e instalación de paneles solares esos títulos los puedo homologar allá ?? Me quiero ir pero no sé cómo sería el proceso tanto de regularizacion, más homologación de estudios;;Agosto
17-ago;abogadodeextranjeria;Instagram;Reel;https://www.instagram.com/abogadodeextranjeria/reel/DcI7--yu9hn/;Y que ocurre para las personas que ya lo solicitaron?;;Agosto
17-ago;abogadodeextranjeria;Instagram;Reel;https://www.instagram.com/abogadodeextranjeria/reel/DcI7--yu9hn/;hola, mi hija quiere homologar su titulo y está en Colombia, mi pregunta es yo pago la cita de ustedes aquí en España y ustedes le pueden brindar la asesoría por móvil a su número telefónico en Colombia?gracias por su respuesta;;Agosto
17-ago;abogadodeextranjeria;Instagram;Reel;https://www.instagram.com/abogadodeextranjeria/reel/DcI7--yu9hn/;Hola, yo ya cancele mi cita, ya me atendieron, pero perdí la información de mi celular y del correo electrónico, cómo hago para conectarme y hacer las preguntas que me dicen puedo realizar, gracias;;Agosto
17-ago;abogadodeextranjeria;Instagram;Reel;https://www.instagram.com/abogadodeextranjeria/reel/DcI7--yu9hn/;Hola tengo mi número Nie y quiero hacer mi homologación en filosofía que necesito?;;Agosto
17-ago;abogadodeextranjeria;Instagram;Reel;https://www.instagram.com/abogadodeextranjeria/reel/DcI7--yu9hn/;Hola Pau ! Cuanto sale la homologación ? , tenemos NIE;;Agosto
17-ago;abogadodeextranjeria;Instagram;Reel;https://www.instagram.com/abogadodeextranjeria/reel/DcI7--yu9hn/;Hola Paul se puede homologar la licencia con la regularización? Cuando aún se encuentra en trámite?;;Agosto
17-ago;abogadodeextranjeria;Instagram;Reel;https://www.instagram.com/abogadodeextranjeria/reel/DcI7--yu9hn/;@jennifer.estupinan cuando se tenga la TIE se puede hacer, la DGT jode mucho 😅;;Agosto
17-ago;abogadodeextranjeria;Instagram;Reel;https://www.instagram.com/abogadodeextranjeria/reel/DcI7--yu9hn/;Necesito una cita presencial??;;Agosto
17-ago;abogadodeextranjeria;Instagram;Reel;https://www.instagram.com/abogadodeextranjeria/reel/DcI7--yu9hn/;Hola, ya tengo homologación. Quiero optar por trabajo para poder solicitar visa. Pueden ayudarme ?;;Agosto
17-ago;abogadodeextranjeria;Instagram;Reel;https://www.instagram.com/abogadodeextranjeria/reel/DcI7--yu9hn/;Que costo tiene el trámite de homologacion a través de @abogadodeextranjeria;;Agosto
17-ago;abogadodeextranjeria;Instagram;Reel;https://www.instagram.com/abogadodeextranjeria/reel/DcI7--yu9hn/;Hola quiero homologar mi título de enfermera, tengo carta roja y quiero saber si eso me vale para homologar?;;Agosto
17-ago;abogadodeextranjeria;Instagram;Reel;https://www.instagram.com/abogadodeextranjeria/reel/DcI7--yu9hn/;Hola aplica para titulo de Bachillerato?;;Agosto
17-ago;abogadodeextranjeria;Instagram;Reel;https://www.instagram.com/abogadodeextranjeria/reel/DcI7--yu9hn/;Y si uno va a hacer el secundario para adultos allá???;;Agosto
17-ago;abogadodeextranjeria;Instagram;Reel;https://www.instagram.com/abogadodeextranjeria/reel/DcI7--yu9hn/;De bachillerato que pasa;;Agosto
17-ago;abogadodeextranjeria;Instagram;Reel;https://www.instagram.com/abogadodeextranjeria/reel/DcI7--yu9hn/;Ya no se puede hacer desde otro país?;;Agosto
17-ago;abogadodeextranjeria;Instagram;Reel;https://www.instagram.com/abogadodeextranjeria/reel/DcI7--yu9hn/;Se puede cambiar a estado de represante al anteriormente iniciado con pasaporte? o ese expediente iniciado con pasaporte se debe desistir?;;Agosto
17-ago;abogadodeextranjeria;Instagram;Reel;https://www.instagram.com/abogadodeextranjeria/reel/DcI7--yu9hn/;Eso también va para equivalencia?;;Agosto
17-ago;abogadodeextranjeria;Instagram;Reel;https://www.instagram.com/abogadodeextranjeria/reel/DcI7--yu9hn/;Hola que pasara con la homologacion que ya se presento con pasaporte;;Agosto
17-ago;abogadodeextranjeria;Instagram;Reel;https://www.instagram.com/abogadodeextranjeria/reel/DcI7--yu9hn/;Yo tengo un NIE de cuando fui a realizar una pasantía (año 2023). Me sirve si estoy en Chile?;;Agosto
17-ago;abogadodeextranjeria;Instagram;Reel;https://www.instagram.com/abogadodeextranjeria/reel/DcI7--yu9hn/;Hola, tengo mi titulo de abogado de Venezuela, estoy en España y ya poseo NIE. Cual es el proceso.;;Agosto
17-ago;abogadodeextranjeria;Instagram;Reel;https://www.instagram.com/abogadodeextranjeria/reel/DcI7--yu9hn/;Lo dicho el negocio es para los bufete de abogados! Y eso está bien para que más jóvenes se vuelvan profesionales del derecho en España!;;Agosto
17-ago;abogadodeextranjeria;Instagram;Reel;https://www.instagram.com/abogadodeextranjeria/reel/DcI7--yu9hn/;Titulos de Bachiller??;;Agosto
17-ago;abogadodeextranjeria;Instagram;Reel;https://www.instagram.com/abogadodeextranjeria/reel/DcI7--yu9hn/;Hace años hice la mía con pasaporte y si en ese entonces se demoraron como 3 años,ahora será más demorado 😶;;Agosto
17-ago;abogadodeextranjeria;Instagram;Reel;https://www.instagram.com/abogadodeextranjeria/reel/DcI7--yu9hn/;Los de Bachiller tambien ??;;Agosto
17-ago;abogadodeextranjeria;Instagram;Reel;https://www.instagram.com/abogadodeextranjeria/reel/DcI7--yu9hn/;Hola, para la equivalencia del Titulo en Derecho,, que documentos se necesitan, saludos;;Agosto
17-ago;abogadodeextranjeria;Instagram;Reel;https://www.instagram.com/abogadodeextranjeria/reel/DcI7--yu9hn/;"Hola, puedes hacer un vídeo explicativo sobre lo que se viene ahora con el nuevo reglamento que a partir del último trimestre del año que va directo a los llamados ""latinos"".....cada día que pasa nos están cerrando puertas..... Venezuela fué y será siempre uno de los países más multicultural del mundo pero ahora para todo es un requisito si queremos viajar así sea de turista sobre todo en la UE.";;Agosto
17-ago;abogadodeextranjeria;Instagram;Reel;https://www.instagram.com/abogadodeextranjeria/reel/DcI7--yu9hn/;Hola! Aplica lo mismo para equivalencia?;;Agosto
17-ago;abogadodeextranjeria;Instagram;Reel;https://www.instagram.com/abogadodeextranjeria/reel/DcI7--yu9hn/;Quiero vivir y trabajar en España, tengo título de Maestría hecho en España, actualmente vivo en Mexico y tengo familia con casa en Barcelona, cómo podría hacer para entrar legalmente a España y recidir con trabajo ? @abogadodeextranjeria;;Agosto
17-ago;abogadodeextranjeria;Instagram;Reel;https://www.instagram.com/abogadodeextranjeria/reel/DcI7--yu9hn/;Ustedes homologan también títulos de bachiller?;;Agosto
17-ago;abogadodeextranjeria;Instagram;Reel;https://www.instagram.com/abogadodeextranjeria/reel/DcI7--yu9hn/;El típico abogaduchos aprovechados y creador de miedo para que delatan corriendo a pagarles esa gestion;;Agosto
17-ago;abogadodeextranjeria;Instagram;Reel;https://www.instagram.com/abogadodeextranjeria/reel/DcI7--yu9hn/;Tiene toda la pinta de abusadores y de creadores de miedo para que les paguen a ellos;;Agosto
17-ago;abogadodeextranjeria;Instagram;Reel;https://www.instagram.com/abogadodeextranjeria/reel/DcI7--yu9hn/;Que opciones de visa tengo para emigrar a España , ya con titulo homologado de médico? , gracias ....;;Agosto
17-ago;abogadodeextranjeria;Instagram;Reel;https://www.instagram.com/abogadodeextranjeria/reel/DcI7--yu9hn/;😢 tengo casi 4 años con el mío, ahí.. en espera.. de educación, quiero saber qué hacer?;;Agosto
17-ago;abogadodeextranjeria;Instagram;Reel;https://www.instagram.com/abogadodeextranjeria/reel/DcI7--yu9hn/;Desde cuándo?? Mi sobrina homólogo este año sin tener NIE y lo hizo.;;Agosto
17-ago;abogadodeextranjeria;Instagram;Reel;https://www.instagram.com/abogadodeextranjeria/reel/DcI7--yu9hn/;En su conocimiento, ¿Aecta de alguna manera a personas con homologaciones ya aprobadas?;;Agosto
17-ago;abogadodeextranjeria;Instagram;Reel;https://www.instagram.com/abogadodeextranjeria/reel/DcI7--yu9hn/;Hola feliz tarde, quiero hacer una modificación de residencia por razones humanitarias a por trabajo. Cuanto seria el costo por esta gestion.? Gracias.;;Agosto
17-ago;abogadodeextranjeria;Instagram;Reel;https://www.instagram.com/abogadodeextranjeria/reel/DcI7--yu9hn/;Hola hace un par de años lo hice con pasaporte. Es posible cambiarlo s NIE? Yo tengo NIE desde hace un año y medio;;Agosto
17-ago;abogadodeextranjeria;Instagram;Reel;https://www.instagram.com/abogadodeextranjeria/reel/DcI7--yu9hn/;Soy Lic en Enfermería y realice el proceso de homologación hace 15 días@con pasaporte, que debo hacer?;;Agosto
17-ago;abogadodeextranjeria;Instagram;Reel;https://www.instagram.com/abogadodeextranjeria/reel/DcI7--yu9hn/;Amigo yo fuí a España y me denegaron el ingreso que pasa en ese caso;;Agosto
17-ago;abogadodeextranjeria;Instagram;Reel;https://www.instagram.com/abogadodeextranjeria/reel/DcI7--yu9hn/;Si tengo pasaporte español pero nunca he sacado dni como puedo homologar???;;Agosto
17-ago;abogadodeextranjeria;Instagram;Reel;https://www.instagram.com/abogadodeextranjeria/reel/DcI7--yu9hn/;Que costo tiene sus servicios?;;Agosto
17-ago;abogadodeextranjeria;Instagram;Reel;https://www.instagram.com/abogadodeextranjeria/reel/DcI7--yu9hn/;Es igual para homologación de bachillerato?;;Agosto
17-ago;abogadodeextranjeria;Instagram;Reel;https://www.instagram.com/abogadodeextranjeria/reel/DcI7--yu9hn/;Esto también aplica para títulos d Bachiller ?;;Agosto
17-ago;abogadodeextranjeria;Instagram;Reel;https://www.instagram.com/abogadodeextranjeria/reel/DcI7--yu9hn/;No se puede hacer la omologacion del título en el país de origen ? Me explico , hago los trámites mediante un abogado pero estoy en mi país mientras sale el documento;;Agosto
17-ago;abogadodeextranjeria;Instagram;Reel;https://www.instagram.com/abogadodeextranjeria/reel/DcI7--yu9hn/;Nie o Tie? Escucha y entenderás;;Agosto
17-ago;abogadodeextranjeria;Instagram;Reel;https://www.instagram.com/abogadodeextranjeria/reel/DcI7--yu9hn/;Hola una consulta mi nie se me vence en septiembre esta seria mi tercera tarjeta es por trabajo por cuenta ajena meti la solicitud ayer para renovación usted cree que por estar en renovación me echen del trabajo?;;Agosto
17-ago;abogadodeextranjeria;Instagram;Reel;https://www.instagram.com/abogadodeextranjeria/reel/DcI7--yu9hn/;Hola quisiera saber cuánto me cuesta homologar mi título de seguridad industrial de Venezuela;;Agosto
17-ago;abogadodeextranjeria;Instagram;Reel;https://www.instagram.com/abogadodeextranjeria/reel/DcI7--yu9hn/;Ya tengo todos los documentos necesarios para la homologación, que costo tiene en servicio?;;Agosto
17-ago;abogadodeextranjeria;Instagram;Reel;https://www.instagram.com/abogadodeextranjeria/reel/DcI7--yu9hn/;Puede hacerlo un familiar o hay que hacerlo con abogado si o si ?;;Agosto
17-ago;abogadodeextranjeria;Instagram;Reel;https://www.instagram.com/abogadodeextranjeria/reel/DcI7--yu9hn/;Hola, necesito homologar títulos de bachiller uno emitido en EEUU y otro en Venezuela que se necesita?;;Agosto
17-ago;abogadodeextranjeria;Instagram;Reel;https://www.instagram.com/abogadodeextranjeria/reel/DcI7--yu9hn/;Cuál es el costo para el ese tramite de expediente de equivalencias o homologacion;;Agosto
17-ago;abogadodeextranjeria;Instagram;Reel;https://www.instagram.com/abogadodeextranjeria/reel/DcI7--yu9hn/;Hola... Yo pagué e ingresé mi documentación yo sola con TIE desde el 2024 , y entró en revisión en el 2025... Que debo hacer?;;Agosto
17-ago;abogadodeextranjeria;Instagram;Reel;https://www.instagram.com/abogadodeextranjeria/reel/DcI7--yu9hn/;Hola como estas necesito homologar mi titulo de bachiller esta apostillado tengo certificado de notas también apostillado estoy en sevilla y tengo la regularización aprobada por el lapso de tres meses.;;Agosto
17-ago;abogadodeextranjeria;Instagram;Reel;https://www.instagram.com/abogadodeextranjeria/reel/DcI7--yu9hn/;Tengo apostillado el título universitario venezolano antes que existiera el GTU. Solo tengo el sello de apostilla en el título bajo el Haya y el QR, ningun otro papel. ¿Cómo hacer en ese caso? Gracias;;Agosto
17-ago;abogadodeextranjeria;Instagram;Reel;https://www.instagram.com/abogadodeextranjeria/reel/DcI7--yu9hn/;Hola me gustaría hacer la homologación de mis títulos como hago con vosotros;;Agosto
17-ago;abogadodeextranjeria;Instagram;Reel;https://www.instagram.com/abogadodeextranjeria/reel/DcI7--yu9hn/;Hola Pau , con el permiso provisional se puede ir haciendo el trámite de homologación o hay que tener ya el definitivo ?;;Agosto
17-ago;abogadodeextranjeria;Instagram;Reel;https://www.instagram.com/abogadodeextranjeria/reel/DcI7--yu9hn/;Se necesita hacer la homologacion por medio de abogados o si se tiene TIE se puede ayudar a otra persona a homologar el título?;;Agosto
17-ago;abogadodeextranjeria;Instagram;Reel;https://www.instagram.com/abogadodeextranjeria/reel/DcI7--yu9hn/;Y los que lo han solicitado con pasaporte pero ya tiene número de documento con la regularización que se hace?;;Agosto
17-ago;abogadodeextranjeria;Instagram;Reel;https://www.instagram.com/abogadodeextranjeria/reel/DcI7--yu9hn/;Yo soy Bioanalista puedo homologar?;;Agosto
17-ago;abogadodeextranjeria;Instagram;Reel;https://www.instagram.com/abogadodeextranjeria/reel/DcI7--yu9hn/;Hola no consigo cita de toma de huellas Uds pueden conseguirlo?;;Agosto
17-ago;abogadodeextranjeria;Instagram;Reel;https://www.instagram.com/abogadodeextranjeria/reel/DcI7--yu9hn/;Con admisión a trámite podemos homologar títulos de estudios???;;Agosto
17-ago;abogadodeextranjeria;Instagram;Reel;https://www.instagram.com/abogadodeextranjeria/reel/DcI7--yu9hn/;@mariaximenabb hola, me puedes enviarme la plataforma donde se hace la homologación, gracias;;Agosto
17-ago;abogadodeextranjeria;Instagram;Reel;https://www.instagram.com/abogadodeextranjeria/reel/DcI7--yu9hn/;Hola, quiero homologar mis estudios, tengo NIE como podría hacerlo.. ??;;Agosto
17-ago;abogadodeextranjeria;Instagram;Reel;https://www.instagram.com/abogadodeextranjeria/reel/DcI7--yu9hn/;Buenas tardes, disculpa que me desvíe del tema, una pregunta cómo hago para incluirme en la plataforma de trabajo que ud. Ofrece;;Agosto
17-ago;abogadodeextranjeria;Instagram;Reel;https://www.instagram.com/abogadodeextranjeria/reel/DcI7--yu9hn/;Falso!....... Lo que pretende es que acudan a ellos para que les paguen.;;Agosto
